id,mac,isOnline,timestamp,created
1,222323,1,"2021-04-29 00:38:49.000000","2021-04-29 09:07:20.126387"
2,00124B000722DCB8,1,"2021-04-29 10:57:25.187000","2021-04-29 13:38:54.384259"
3,00124B000722DCB8,0,"2021-04-29 10:57:25.187000","2021-04-29 13:41:03.764431"
4,00124B000722DCB8,0,"2021-04-29 10:57:25.187000","2021-04-29 13:49:34.639533"
5,00124B000722DCB8,1,"2021-04-29 16:27:25.187000","2021-04-29 19:29:13.935316"
6,00124B000722DCB8,0,"2021-04-29 16:27:25.187000","2021-04-29 19:29:57.257986"
7,00124B000722DCB8,0,"2021-04-29 16:29:05.187000","2021-04-29 21:07:27.433822"
8,00124B000722DCB8,1,"2021-04-29 17:35:45.987000","2021-04-29 21:09:12.558041"
9,00124B000722DCB8,1,"2021-04-29 17:35:45.987000","2021-04-29 21:10:03.567887"
10,00124B000722DCB8,1,"2021-04-29 17:35:45.987000","2021-04-29 21:11:18.140921"
11,00124B000722DCB8,1,"2022-08-05 16:42:25.987000","2021-04-29 21:12:32.599154"
12,00124B000722DCB8,1,"2021-04-29 18:09:05.987000","2021-04-29 21:15:36.136390"
13,00124B000722DCB8,1,"2021-04-29 22:47:17.143000","2021-04-29 22:47:52.166858"
14,0000FFFFFFFFFFFF,1,"2021-04-29 22:47:32.703000","2021-04-29 22:47:52.367018"
15,00124B000722DCB8,1,"2021-04-29 22:47:38.985000","2021-04-29 22:47:52.577044"
16,00124B000722DCB8,1,"2021-04-29 22:47:10.383000","2021-04-29 22:47:52.651959"
17,0000FFFFFFFFFFFF,1,"2021-04-29 22:47:39.347000","2021-04-29 22:47:52.808543"
18,0000FFFFFFFFFFFF,1,"2021-04-29 22:48:21.693000","2021-04-29 22:48:23.934617"
19,00124B000722DCB8,1,"2021-04-29 22:48:21.774000","2021-04-29 22:48:23.942936"
20,0000FFFFFFFFFFFF,1,"2021-04-29 22:48:22.783000","2021-04-29 22:48:24.958025"
21,00124B000722DCB8,1,"2021-04-29 22:48:29.533000","2021-04-29 22:48:31.047659"
22,0000FFFFFFFFFFFF,1,"2021-04-29 22:49:08.523000","2021-04-29 22:49:10.473437"
23,00124B000722DCB8,1,"2021-04-29 22:49:08.597000","2021-04-29 22:49:10.473892"
24,0000FFFFFFFFFFFF,1,"2021-04-29 22:49:15.793000","2021-04-29 22:49:17.566887"
25,00124B000722DCB8,1,"2021-04-29 22:49:15.863000","2021-04-29 22:49:17.569175"
26,00124B000722DCB8,1,"2021-04-29 22:51:14.723000","2021-04-29 22:51:16.821141"
27,00124B000722DCB8,1,"2021-04-29 22:55:31.213000","2021-04-29 22:55:33.479737"
28,00124B000722DCB8,1,"2021-04-29 23:00:20.003000","2021-04-29 23:00:21.481403"
29,0000FFFFFFFFFFFF,1,"2021-04-29 23:00:20.333000","2021-04-29 23:00:21.487925"
30,0000FFFFFFFFFFFF,1,"2021-04-29 23:01:01.623000","2021-04-29 23:01:03.930229"
31,00124B000722DCB8,1,"2021-04-29 23:01:01.703000","2021-04-29 23:01:03.930541"
32,00124B000722DCB8,1,"2021-04-29 23:01:08.943000","2021-04-29 23:01:11.003456"
33,0000FFFFFFFFFFFF,1,"2021-04-29 23:01:09.033000","2021-04-29 23:01:11.015137"
34,00124B000722DCB8,1,"2021-04-29 23:01:16.833000","2021-04-29 23:01:19.113369"
35,0000FFFFFFFFFFFF,1,"2021-04-29 23:01:17.083000","2021-04-29 23:01:19.116548"
36,0000FFFFFFFFFFFF,1,"2021-04-29 23:01:52.833000","2021-04-29 23:01:54.481972"
37,00124B000722DCB8,1,"2021-04-29 23:01:52.903000","2021-04-29 23:01:54.493715"
38,0000FFFFFFFFFFFF,1,"2021-04-29 23:01:53.863000","2021-04-29 23:01:55.517752"
39,00124B000722DCB8,1,"2021-04-29 23:02:00.597000","2021-04-29 23:02:02.606065"
40,0000FFFFFFFFFFFF,1,"2021-04-29 23:02:00.913000","2021-04-29 23:02:02.611096"
41,0000FFFFFFFFFFFF,1,"2021-04-29 23:02:42.274000","2021-04-29 23:02:44.021492"
42,00124B000722DCB8,1,"2021-04-29 23:02:49.143000","2021-04-29 23:02:51.120504"
43,0000FFFFFFFFFFFF,1,"2021-04-29 23:02:49.233000","2021-04-29 23:02:51.123002"
44,0000FFFFFFFFFFFF,1,"2021-04-29 23:02:55.983000","2021-04-29 23:02:57.196291"
45,00124B000722DCB8,1,"2021-04-29 23:02:55.683000","2021-04-29 23:02:57.195979"
46,00124B000722DCB8,1,"2021-04-29 23:03:02.333000","2021-04-29 23:03:04.284902"
47,0000FFFFFFFFFFFF,1,"2021-04-29 23:03:02.723000","2021-04-29 23:03:04.285559"
48,0000FFFFFFFFFFFF,1,"2021-04-29 23:03:43.743000","2021-04-29 23:03:45.729181"
49,00124B000722DCB8,1,"2021-04-29 23:03:43.823000","2021-04-29 23:03:45.732392"
50,0000FFFFFFFFFFFF,1,"2021-04-29 23:03:44.543000","2021-04-29 23:03:45.738046"
51,00124B000722DCB8,1,"2021-04-29 23:03:48.733000","2021-04-29 23:03:50.787222"
52,0000FFFFFFFFFFFF,1,"2021-04-29 23:05:21.504000","2021-04-29 23:05:22.816594"
53,00124B000722DCB8,1,"2021-04-29 23:05:28.363000","2021-04-29 23:05:29.907148"
54,00124B000722DCB8,1,"2021-04-29 23:05:34.763000","2021-04-29 23:05:36.995583"
55,0000FFFFFFFFFFFF,1,"2021-04-29 23:05:35.163000","2021-04-29 23:05:36.996080"
56,00124B000722DCB8,1,"2021-04-29 23:07:32.524000","2021-04-29 23:07:34.256192"
57,00124B000722DCB8,1,"2021-04-29 23:08:39.233000","2021-04-29 23:08:40.944450"
58,0000FFFFFFFFFFFF,1,"2021-04-29 23:08:39.523000","2021-04-29 23:08:40.953490"
59,0000FFFFFFFFFFFF,1,"2021-04-29 23:09:20.883000","2021-04-29 23:09:22.404817"
60,00124B000722DCB8,1,"2021-04-29 23:09:20.963000","2021-04-29 23:09:22.415012"
61,00124B000722DCB8,1,"2021-04-29 23:09:28.593000","2021-04-29 23:09:30.490794"
62,0000FFFFFFFFFFFF,1,"2021-04-29 23:09:28.803000","2021-04-29 23:09:30.491402"
63,00124B000722DCB8,1,"2021-04-29 23:09:35.403000","2021-04-29 23:09:36.564976"
64,0000FFFFFFFFFFFF,1,"2021-04-29 23:09:35.753000","2021-04-29 23:09:37.590154"
65,0000FFFFFFFFFFFF,1,"2021-04-29 23:10:16.823000","2021-04-29 23:10:19.041158"
66,00124B000722DCB8,1,"2021-04-29 23:10:16.903000","2021-04-29 23:10:19.042866"
67,0000FFFFFFFFFFFF,1,"2021-04-29 23:10:17.663000","2021-04-29 23:10:19.052651"
68,00124B000722DCB8,1,"2021-04-29 23:10:24.573000","2021-04-29 23:10:27.130681"
69,0000FFFFFFFFFFFF,1,"2021-04-29 23:10:24.733000","2021-04-29 23:10:27.131313"
70,0000FFFFFFFFFFFF,1,"2021-04-29 23:11:06.243000","2021-04-29 23:11:08.607193"
71,00124B000722DCB8,1,"2021-04-29 23:11:06.323000","2021-04-29 23:11:08.619740"
72,0000FFFFFFFFFFFF,1,"2021-04-29 23:11:07.183000","2021-04-29 23:11:08.622668"
73,00124B000722DCB8,1,"2021-04-30 10:28:29.177000","2021-04-30 10:28:31.676237"
74,0000FFFFFFFFFFFF,1,"2021-04-30 10:28:29.543000","2021-04-30 10:28:31.682044"
75,00124B000722DCB8,1,"2021-04-30 10:28:35.623000","2021-04-30 10:28:38.773219"
76,0000FFFFFFFFFFFF,1,"2021-04-30 10:28:35.953000","2021-04-30 10:28:38.775682"
77,00124B000722DCB8,1,"2021-04-30 10:28:44.543000","2021-04-30 10:28:46.861265"
78,0000FFFFFFFFFFFF,1,"2021-04-30 10:28:51.927000","2021-04-30 10:28:53.949727"
79,00124B000722DCB8,1,"2021-04-30 10:28:52.153000","2021-04-30 10:28:53.950182"
80,00124B000722DCB8,1,"2021-04-30 10:30:48.523000","2021-04-30 10:30:51.183163"
81,00124B000722DCB8,1,"2021-04-30 10:31:42.764000","2021-04-30 10:31:44.753188"
82,0000FFFFFFFFFFFF,1,"2021-04-30 10:31:42.853000","2021-04-30 10:31:44.753681"
83,0000FFFFFFFFFFFF,1,"2021-04-30 10:32:19.683000","2021-04-30 10:32:21.156081"
84,0000FFFFFFFFFFFF,1,"2021-04-30 10:32:18.744000","2021-04-30 10:32:21.157610"
85,00124B000722DCB8,1,"2021-04-30 10:32:18.823000","2021-04-30 10:32:21.162575"
86,0000FFFFFFFFFFFF,1,"2021-04-30 10:32:27.063000","2021-04-30 10:32:29.251002"
87,00124B000722DCB8,1,"2021-04-30 10:32:26.703000","2021-04-30 10:32:29.251350"
88,00124B000722DCB8,1,"2021-04-30 10:32:43.123000","2021-04-30 10:32:45.426349"
89,0000FFFFFFFFFFFF,1,"2021-04-30 10:32:47.323000","2021-04-30 10:32:49.479558"
90,00124B000722DCB8,1,"2021-04-30 10:32:47.393000","2021-04-30 10:32:49.481940"
91,00124B000722DCB8,1,"2021-04-30 10:33:03.863000","2021-04-30 10:33:05.662587"
92,00124B000722DCB8,1,"2021-04-30 10:33:11.363000","2021-04-30 10:33:13.749119"
93,00124B000722DCB8,1,"2021-04-30 10:33:18.103000","2021-04-30 10:33:20.819132"
94,0000FFFFFFFFFFFF,1,"2021-04-30 10:33:18.454000","2021-04-30 10:33:20.841009"
95,0000FFFFFFFFFFFF,1,"2021-04-30 10:33:55.764000","2021-04-30 10:33:58.243405"
96,00124B000722DCB8,1,"2021-04-30 10:33:55.844000","2021-04-30 10:33:58.247244"
97,0000FFFFFFFFFFFF,1,"2021-04-30 10:34:02.973000","2021-04-30 10:34:04.415703"
98,00124B000722DCB8,1,"2021-04-30 10:34:02.613000","2021-04-30 10:34:04.416224"
99,0000FFFFFFFFFFFF,1,"2021-04-30 10:34:39.656000","2021-04-30 10:34:41.823763"
100,00124B000722DCB8,1,"2021-04-30 10:34:39.733000","2021-04-30 10:34:41.828614"
101,0000FFFFFFFFFFFF,1,"2021-04-30 10:34:47.443000","2021-04-30 10:34:49.925528"
102,00124B000722DCB8,1,"2021-04-30 10:34:47.466000","2021-04-30 10:34:49.930318"
103,0000FFFFFFFFFFFF,1,"2021-04-30 10:35:29.034000","2021-04-30 10:35:31.359279"
104,0000FFFFFFFFFFFF,1,"2021-04-30 10:35:29.713000","2021-04-30 10:35:31.365123"
105,00124B000722DCB8,1,"2021-04-30 10:35:29.114000","2021-04-30 10:35:31.366203"
106,00124B000722DCB8,1,"2021-04-30 10:35:36.223000","2021-04-30 10:35:38.441403"
107,0000FFFFFFFFFFFF,1,"2021-04-30 10:35:43.213000","2021-04-30 10:35:45.524593"
108,00124B000722DCB8,1,"2021-04-30 10:35:42.823000","2021-04-30 10:35:45.526007"
109,00124B000722DCB8,1,"2021-04-30 10:35:49.603000","2021-04-30 10:35:51.604951"
110,0000FFFFFFFFFFFF,1,"2021-04-30 10:35:49.903000","2021-04-30 10:35:51.609293"
111,0000FFFFFFFFFFFF,1,"2021-04-30 10:36:31.293000","2021-04-30 10:36:34.063483"
112,0000FFFFFFFFFFFF,1,"2021-04-30 10:36:32.133000","2021-04-30 10:36:34.066663"
113,00124B000722DCB8,1,"2021-04-30 10:36:31.363000","2021-04-30 10:36:34.066924"
114,0000FFFFFFFFFFFF,1,"2021-04-30 10:36:38.863000","2021-04-30 10:36:41.143633"
115,00124B000722DCB8,1,"2021-04-30 10:36:45.463000","2021-04-30 10:36:48.226402"
116,0000FFFFFFFFFFFF,1,"2021-04-30 10:36:45.823000","2021-04-30 10:36:48.227979"
117,00124B000722DCB8,1,"2021-04-30 10:37:21.643000","2021-04-30 10:37:23.613171"
118,0000FFFFFFFFFFFF,1,"2021-04-30 10:37:21.573000","2021-04-30 10:37:23.615775"
119,0000FFFFFFFFFFFF,1,"2021-04-30 10:37:22.453000","2021-04-30 10:37:23.618618"
120,00124B000722DCB8,1,"2021-04-30 10:37:30.193000","2021-04-30 10:37:32.727536"
121,0000FFFFFFFFFFFF,1,"2021-04-30 10:38:11.625000","2021-04-30 10:38:14.156822"
122,0000FFFFFFFFFFFF,1,"2021-04-30 10:38:12.433000","2021-04-30 10:38:14.167972"
123,00124B000722DCB8,1,"2021-04-30 10:38:11.703000","2021-04-30 10:38:14.170236"
124,00124B000722DCB8,1,"2021-04-30 10:38:18.853000","2021-04-30 10:38:21.247852"
125,0000FFFFFFFFFFFF,1,"2021-04-30 10:38:19.183000","2021-04-30 10:38:21.249291"
126,0000FFFFFFFFFFFF,1,"2021-04-30 10:38:56.294000","2021-04-30 10:38:58.678010"
127,00124B000722DCB8,1,"2021-04-30 10:38:56.373000","2021-04-30 10:38:58.678237"
128,0000FFFFFFFFFFFF,1,"2021-04-30 10:38:57.443000","2021-04-30 10:38:59.704980"
129,00124B000722DCB8,1,"2021-04-30 10:39:04.143000","2021-04-30 10:39:06.775153"
130,0000FFFFFFFFFFFF,1,"2021-04-30 10:39:39.973000","2021-04-30 10:39:42.174924"
131,00124B000722DCB8,1,"2021-04-30 10:39:40.053000","2021-04-30 10:39:42.175202"
132,0000FFFFFFFFFFFF,1,"2021-04-30 10:39:40.663000","2021-04-30 10:39:42.179862"
133,00124B000722DCB8,1,"2021-04-30 10:39:48.573000","2021-04-30 10:39:51.275969"
134,00124B000722DCB8,1,"2021-04-30 10:39:56.463000","2021-04-30 10:39:58.359989"
135,0000FFFFFFFFFFFF,1,"2021-04-30 10:39:56.426000","2021-04-30 10:39:58.359748"
136,0000FFFFFFFFFFFF,1,"2021-04-30 10:40:37.023000","2021-04-30 10:40:38.812424"
137,00124B000722DCB8,1,"2021-04-30 10:40:37.094000","2021-04-30 10:40:38.819040"
138,0000FFFFFFFFFFFF,1,"2021-04-30 10:40:37.683000","2021-04-30 10:40:38.820542"
139,00124B000722DCB8,1,"2021-04-30 10:40:42.533000","2021-04-30 10:40:44.889021"
140,00124B000722DCB8,1,"2021-04-30 10:42:01.443000","2021-04-30 10:42:03.751081"
141,00124B000722DCB8,1,"2021-04-30 10:43:08.003000","2021-04-30 10:43:10.432223"
142,0000FFFFFFFFFFFF,1,"2021-04-30 10:43:08.333000","2021-04-30 10:43:10.442434"
143,0000FFFFFFFFFFFF,1,"2021-04-30 10:43:50.253000","2021-04-30 10:43:51.879812"
144,00124B000722DCB8,1,"2021-04-30 10:43:49.633000","2021-04-30 10:43:51.880058"
145,0000FFFFFFFFFFFF,1,"2021-04-30 10:43:49.553000","2021-04-30 10:43:51.880799"
146,0000FFFFFFFFFFFF,1,"2021-04-30 10:44:36.784000","2021-04-30 10:44:39.385511"
147,00124B000722DCB8,1,"2021-04-30 10:44:43.013000","2021-04-30 10:44:45.454572"
148,0000FFFFFFFFFFFF,1,"2021-04-30 10:44:43.363000","2021-04-30 10:44:45.466384"
149,0000FFFFFFFFFFFF,1,"2021-04-30 10:45:18.983000","2021-04-30 10:45:20.858986"
150,00124B000722DCB8,1,"2021-04-30 10:45:19.063000","2021-04-30 10:45:20.860395"
151,0000FFFFFFFFFFFF,1,"2021-04-30 10:45:20.004000","2021-04-30 10:45:21.870175"
152,00124B000722DCB8,1,"2021-04-30 10:45:26.703000","2021-04-30 10:45:28.970882"
153,0000FFFFFFFFFFFF,1,"2021-04-30 10:46:02.603000","2021-04-30 10:46:04.341117"
154,00124B000722DCB8,1,"2021-04-30 10:46:02.677000","2021-04-30 10:46:04.362693"
155,0000FFFFFFFFFFFF,1,"2021-04-30 10:46:03.283000","2021-04-30 10:46:04.366822"
156,00124B000722DCB8,1,"2021-04-30 10:46:09.623000","2021-04-30 10:46:11.453320"
157,0000FFFFFFFFFFFF,1,"2021-04-30 10:46:10.043000","2021-04-30 10:46:11.456954"
158,0000FFFFFFFFFFFF,1,"2021-04-30 10:46:51.204000","2021-04-30 10:46:53.889590"
159,00124B000722DCB8,1,"2021-04-30 10:46:57.593000","2021-04-30 10:46:59.965351"
160,0000FFFFFFFFFFFF,1,"2021-04-30 10:46:57.873000","2021-04-30 10:46:59.982439"
161,00124B000722DCB8,1,"2021-04-30 10:47:04.213000","2021-04-30 10:47:07.072136"
162,0000FFFFFFFFFFFF,1,"2021-04-30 10:47:39.693000","2021-04-30 10:47:41.421217"
163,00124B000722DCB8,1,"2021-04-30 10:47:39.093000","2021-04-30 10:47:41.421529"
164,0000FFFFFFFFFFFF,1,"2021-04-30 10:47:39.013000","2021-04-30 10:47:41.424129"
165,00124B000722DCB8,1,"2021-04-30 10:47:46.003000","2021-04-30 10:47:48.514931"
166,0000FFFFFFFFFFFF,1,"2021-04-30 10:47:46.393000","2021-04-30 10:47:48.516410"
167,0000FFFFFFFFFFFF,1,"2021-04-30 10:48:22.024000","2021-04-30 10:48:23.889551"
168,00124B000722DCB8,1,"2021-04-30 10:48:22.103000","2021-04-30 10:48:23.910324"
169,0000FFFFFFFFFFFF,1,"2021-04-30 10:48:22.803000","2021-04-30 10:48:23.911706"
170,00124B000722DCB8,1,"2021-04-30 10:48:30.983000","2021-04-30 10:48:33.012220"
171,0000FFFFFFFFFFFF,1,"2021-04-30 10:48:31.373000","2021-04-30 10:48:33.013628"
172,0000FFFFFFFFFFFF,1,"2021-04-30 10:49:12.904000","2021-04-30 10:49:15.459476"
173,00124B000722DCB8,1,"2021-04-30 10:49:12.983000","2021-04-30 10:49:15.464976"
174,00124B000722DCB8,1,"2021-04-30 10:49:20.803000","2021-04-30 10:49:23.571836"
175,0000FFFFFFFFFFFF,1,"2021-04-30 10:49:21.123000","2021-04-30 10:49:23.572095"
176,00124B000722DCB8,1,"2021-04-30 10:49:27.623000","2021-04-30 10:49:29.662127"
177,0000FFFFFFFFFFFF,1,"2021-04-30 10:49:27.953000","2021-04-30 10:49:29.662578"
178,0000FFFFFFFFFFFF,1,"2021-04-30 10:50:03.453000","2021-04-30 10:50:05.042498"
179,00124B000722DCB8,1,"2021-04-30 10:50:03.533000","2021-04-30 10:50:05.047989"
180,0000FFFFFFFFFFFF,1,"2021-04-30 10:50:04.233000","2021-04-30 10:50:06.069448"
181,0000FFFFFFFFFFFF,1,"2021-04-30 10:50:12.473000","2021-04-30 10:50:14.166307"
182,00124B000722DCB8,1,"2021-04-30 10:50:12.093000","2021-04-30 10:50:14.166740"
183,00124B000722DCB8,1,"2021-04-30 10:50:18.693000","2021-04-30 10:50:21.236427"
184,0000FFFFFFFFFFFF,1,"2021-04-30 10:50:25.663000","2021-04-30 10:50:27.324478"
185,00124B000722DCB8,1,"2021-04-30 10:50:25.263000","2021-04-30 10:50:27.325059"
186,0000FFFFFFFFFFFF,1,"2021-04-30 10:50:32.264000","2021-04-30 10:50:33.416541"
187,00124B000722DCB8,1,"2021-04-30 10:50:31.973000","2021-04-30 10:50:33.416855"
188,0000FFFFFFFFFFFF,1,"2021-04-30 10:50:39.993000","2021-04-30 10:50:41.512591"
189,00124B000722DCB8,1,"2021-04-30 10:50:39.613000","2021-04-30 10:50:41.512873"
190,0000FFFFFFFFFFFF,1,"2021-04-30 10:51:19.073000","2021-04-30 10:51:21.935435"
191,00124B000722DCB8,1,"2021-04-30 10:51:19.153000","2021-04-30 10:51:21.938542"
192,0000FFFFFFFFFFFF,1,"2021-04-30 10:51:19.833000","2021-04-30 10:51:21.940891"
193,00124B000722DCB8,1,"2021-04-30 10:51:28.103000","2021-04-30 10:51:30.031176"
194,00124B000722DCB8,1,"2021-04-30 10:51:34.843000","2021-04-30 10:51:38.135357"
195,00124B000722DCB8,1,"2021-04-30 10:52:11.453000","2021-04-30 10:52:13.521783"
196,0000FFFFFFFFFFFF,1,"2021-04-30 10:52:11.374000","2021-04-30 10:52:13.522587"
197,0000FFFFFFFFFFFF,1,"2021-04-30 10:52:19.063000","2021-04-30 10:52:21.625230"
198,00124B000722DCB8,1,"2021-04-30 10:52:18.863000","2021-04-30 10:52:21.628086"
199,0000FFFFFFFFFFFF,1,"2021-04-30 10:52:26.093000","2021-04-30 10:52:27.700871"
200,00124B000722DCB8,1,"2021-04-30 10:52:25.753000","2021-04-30 10:52:27.701145"
201,00124B000722DCB8,1,"2021-04-30 10:54:28.683000","2021-04-30 10:54:30.986852"
202,00124B000722DCB8,1,"2021-04-30 11:05:22.834000","2021-04-30 11:05:24.738125"
203,123456789,0,"2021-04-30 09:07:20.126387","2021-04-30 09:07:20.126387"
204,00TEST1,1,"2021-04-29 18:09:05.987000","2021-04-30 12:05:56.087208"
205,00TEST1,0,"2021-04-29 18:09:05.987000","2021-04-30 12:08:42.133350"
206,00TEST1,0,"2021-04-30 17:42:56.000000","2021-04-30 12:13:50.007934"
207,00TEST1,1,"2021-04-30 12:43:00.000000","2021-04-30 12:44:55.813549"
208,00TEST1,1,"2021-04-30 19:08:00.000000","2021-04-30 13:40:11.143514"
209,SS-TEST1,1,"2021-04-30 13:59:31.000000","2021-04-30 14:00:18.336578"
210,00TEST1,1,"2021-04-30 14:05:00.000000","2021-04-30 14:07:20.847837"
211,00TEST1,1,"2021-04-30 14:05:00.000000","2021-04-30 14:08:13.398052"
212,00TEST1,1,"2021-04-30 14:05:00.000000","2021-04-30 14:14:43.637959"
213,00TEST1,1,"2021-04-30 14:05:00.000000","2021-04-30 14:32:17.995221"
214,00TEST1,1,"2021-04-30 14:40:00.000000","2021-04-30 14:47:06.414783"
215,00TEST1,0,"2021-04-30 14:40:00.000000","2021-04-30 14:47:15.349498"
216,00TEST1,0,"2021-04-30 14:45:00.000000","2021-04-30 14:50:09.585298"
217,00TEST1,1,"2021-04-30 14:50:00.000000","2021-04-30 14:52:23.551429"
218,00TEST1,1,"2021-04-30 13:50:00.000000","2021-04-30 14:55:30.277956"
219,00TEST1,0,"2021-04-30 14:57:00.000000","2021-04-30 14:58:20.418474"
220,00TEST1,1,"2021-04-30 14:57:00.000000","2021-04-30 15:02:40.643537"
221,00TEST1,1,"2021-04-30 14:59:00.000000","2021-04-30 15:04:13.154666"
222,00EEEEGGG,1,"2021-04-30 14:59:00.000000","2021-04-30 15:05:37.459688"
223,00EEEEGGG,1,"2021-04-30 14:57:20.000000","2021-04-30 15:05:43.950125"
224,00EEEEGGG,1,"2021-04-30 14:40:40.000000","2021-04-30 15:06:02.279091"
225,00EEAEEGGG,1,"2021-04-30 14:40:40.000000","2021-04-30 15:06:28.509313"
226,00EEAEEGGG,1,"2021-04-30 15:05:00.000000","2021-04-30 15:07:38.934458"
227,00EEAEEGGG,0,"2021-04-30 15:05:00.000000","2021-04-30 15:08:05.814326"
228,00EEAEEGGG,0,"2021-04-30 15:09:00.000000","2021-04-30 15:11:11.424310"
229,00TEST1,1,"2021-04-30 15:12:00.000000","2021-04-30 15:13:40.999529"
230,00TEST1,0,"2021-04-30 15:12:00.000000","2021-04-30 15:13:54.889328"
231,00TEST1,0,"2021-04-30 15:13:00.000000","2021-04-30 15:14:16.652313"
232,00124B000722DCB8,1,"2021-04-30 15:43:52.703000","2021-04-30 15:43:55.268409"
233,0000FFFFFFFFFFFF,1,"2021-04-30 15:43:53.213000","2021-04-30 15:43:55.282905"
234,00TEST2,0,"2021-04-30 15:13:00.000000","2021-04-30 15:44:14.794928"
235,0000FFFFFFFFFFFF,1,"2021-04-30 15:45:49.487000","2021-04-30 15:45:51.476258"
236,00124B000722DCB8,1,"2021-04-30 15:45:52.583000","2021-04-30 15:45:55.542219"
237,00124B000722DCB8,1,"2021-04-30 15:46:53.236000","2021-04-30 15:46:56.182424"
238,00124B000722DCB8,1,"2021-04-30 15:51:55.893000","2021-04-30 15:51:58.368220"
239,0000FFFFFFFFFFFF,1,"2021-04-30 15:51:56.263000","2021-04-30 15:51:58.372263"
240,0000FFFFFFFFFFFF,1,"2021-04-30 15:52:03.093000","2021-04-30 15:52:05.467139"
241,00124B000722DCB8,1,"2021-04-30 15:52:03.027000","2021-04-30 15:52:05.467820"
242,0000FFFFFFFFFFFF,1,"2021-04-30 15:52:18.164000","2021-04-30 15:52:20.607154"
243,0000FFFFFFFFFFFF,1,"2021-04-30 15:52:18.223000","2021-04-30 15:52:20.626322"
244,00124B000722DCB8,1,"2021-04-30 15:52:18.243000","2021-04-30 15:52:20.631732"
245,0000FFFFFFFFFFFF,1,"2021-04-30 15:54:09.293000","2021-04-30 15:54:12.783452"
246,00124B000722DCB8,1,"2021-04-30 15:54:12.383000","2021-04-30 15:54:14.818814"
247,00124B000722DCB8,1,"2021-04-30 16:01:37.294000","2021-04-30 16:01:39.442553"
248,0000FFFFFFFFFFFF,1,"2021-04-30 16:01:37.783000","2021-04-30 16:01:39.454413"
249,00124B000722DCB8,1,"2021-04-30 16:03:40.013000","2021-04-30 16:03:42.736952"
250,0000FFFFFFFFFFFF,1,"2021-04-30 16:03:40.353000","2021-04-30 16:03:42.738351"
251,0000FFFFFFFFFFFF,1,"2021-04-30 16:05:35.323000","2021-04-30 16:05:37.922385"
252,00124B000722DCB8,1,"2021-04-30 16:05:38.423000","2021-04-30 16:05:40.977258"
253,0000FFFFFFFFFFFF,1,"2021-04-30 16:07:24.633000","2021-04-30 16:07:27.086038"
254,00124B000722DCB8,1,"2021-04-30 16:07:30.883000","2021-04-30 16:07:33.172308"
255,0000FFFFFFFFFFFF,1,"2021-04-30 16:07:31.233000","2021-04-30 16:07:33.175131"
256,00124B000722DCB8,1,"2021-04-30 16:08:34.758000","2021-04-30 16:08:36.846939"
257,0000FFFFFFFFFFFF,1,"2021-04-30 16:08:35.283000","2021-04-30 16:08:36.847207"
258,0000FFFFFFFFFFFF,1,"2021-04-30 16:10:30.483000","2021-04-30 16:10:33.154639"
259,00124B000722DCB8,1,"2021-04-30 16:10:33.583000","2021-04-30 16:10:36.203100"
260,0000FFFFFFFFFFFF,1,"2021-04-30 16:12:08.933000","2021-04-30 16:12:10.196838"
261,00124B000722DCB8,1,"2021-04-30 16:12:09.133000","2021-04-30 16:12:10.198541"
262,00124B000722DCB8,1,"2021-04-30 16:12:50.943000","2021-04-30 16:12:53.669802"
263,0000FFFFFFFFFFFF,1,"2021-04-30 16:12:50.873000","2021-04-30 16:12:53.670072"
264,0000FFFFFFFFFFFF,1,"2021-04-30 16:12:51.843000","2021-04-30 16:12:53.675899"
265,0000FFFFFFFFFFFF,1,"2021-04-30 16:12:59.257000","2021-04-30 16:13:01.769153"
266,00124B000722DCB8,1,"2021-04-30 16:12:58.953000","2021-04-30 16:13:01.769425"
267,0000FFFFFFFFFFFF,1,"2021-04-30 16:13:35.813000","2021-04-30 16:13:37.147025"
268,0000FFFFFFFFFFFF,1,"2021-04-30 16:13:34.833000","2021-04-30 16:13:37.150062"
269,00124B000722DCB8,1,"2021-04-30 16:13:34.913000","2021-04-30 16:13:37.150396"
270,0000FFFFFFFFFFFF,1,"2021-04-30 16:13:44.013000","2021-04-30 16:13:46.245942"
271,00124B000722DCB8,1,"2021-04-30 16:13:43.853000","2021-04-30 16:13:46.246199"
272,00124B000722DCB8,1,"2021-04-30 16:15:46.133000","2021-04-30 16:15:48.558473"
273,0000FFFFFFFFFFFF,1,"2021-04-30 16:15:46.423000","2021-04-30 16:15:48.567553"
274,0000FFFFFFFFFFFF,1,"2021-04-30 16:16:27.613000","2021-04-30 16:16:30.005248"
275,00124B000722DCB8,1,"2021-04-30 16:16:27.684000","2021-04-30 16:16:30.009505"
276,0000FFFFFFFFFFFF,1,"2021-04-30 16:16:28.953000","2021-04-30 16:16:31.032309"
277,00124B000722DCB8,1,"2021-04-30 16:16:36.595000","2021-04-30 16:16:39.123344"
278,0000FFFFFFFFFFFF,1,"2021-04-30 16:16:37.022000","2021-04-30 16:16:39.123798"
279,0000FFFFFFFFFFFF,1,"2021-04-30 16:18:33.443000","2021-04-30 16:18:36.340877"
280,00124B000722DCB8,1,"2021-04-30 16:18:43.583000","2021-04-30 16:18:46.462328"
281,0000FFFFFFFFFFFF,1,"2021-04-30 16:18:43.933000","2021-04-30 16:18:46.462641"
282,0000FFFFFFFFFFFF,1,"2021-04-30 16:20:39.203000","2021-04-30 16:20:41.681344"
283,00124B000722DCB8,1,"2021-04-30 16:20:42.293000","2021-04-30 16:20:44.717225"
284,00124B000722DCB8,1,"2021-04-30 16:21:46.223000","2021-04-30 16:21:48.420172"
285,0000FFFFFFFFFFFF,1,"2021-04-30 16:21:46.573000","2021-04-30 16:21:48.456946"
286,0000FFFFFFFFFFFF,1,"2021-04-30 16:23:40.153000","2021-04-30 16:23:42.608911"
287,00124B000722DCB8,1,"2021-04-30 16:23:43.243000","2021-04-30 16:23:45.659779"
288,00124B000722DCB8,1,"2021-04-30 16:24:48.893000","2021-04-30 16:24:50.345464"
289,00124B000722DCB8,1,"2021-04-30 16:28:40.373000","2021-04-30 16:28:42.788305"
290,0000FFFFFFFFFFFF,1,"2021-04-30 16:28:40.703000","2021-04-30 16:28:42.803555"
291,00124B000722DCB8,1,"2021-04-30 16:28:47.233000","2021-04-30 16:28:49.867194"
292,0000FFFFFFFFFFFF,1,"2021-04-30 16:28:47.623000","2021-04-30 16:28:49.886592"
293,0000FFFFFFFFFFFF,1,"2021-04-30 16:29:28.833000","2021-04-30 16:29:31.331125"
294,0000FFFFFFFFFFFF,1,"2021-04-30 16:29:29.643000","2021-04-30 16:29:31.334377"
295,00124B000722DCB8,1,"2021-04-30 16:29:28.903000","2021-04-30 16:29:31.336692"
296,00124B000722DCB8,1,"2021-04-30 16:29:38.743000","2021-04-30 16:29:41.460728"
297,0000FFFFFFFFFFFF,1,"2021-04-30 16:29:38.993000","2021-04-30 16:29:41.460995"
298,0000FFFFFFFFFFFF,1,"2021-04-30 16:31:32.523000","2021-04-30 16:31:34.657250"
299,00124B000722DCB8,1,"2021-04-30 16:31:35.613000","2021-04-30 16:31:37.695727"
300,00124B000722DCB8,1,"2021-04-30 16:31:44.203000","2021-04-30 16:31:46.812022"
301,0000FFFFFFFFFFFF,1,"2021-04-30 16:31:44.524000","2021-04-30 16:31:46.813418"
302,00124B000722DCB8,1,"2021-04-30 16:32:20.223000","2021-04-30 16:32:22.176013"
303,0000FFFFFFFFFFFF,1,"2021-04-30 16:32:20.143000","2021-04-30 16:32:22.179199"
304,0000FFFFFFFFFFFF,1,"2021-04-30 16:32:21.033000","2021-04-30 16:32:22.179821"
305,00124B000722DCB8,1,"2021-04-30 16:33:04.614000","2021-04-30 16:33:06.658825"
306,0000FFFFFFFFFFFF,1,"2021-04-30 16:33:05.203000","2021-04-30 16:33:06.661229"
307,0000FFFFFFFFFFFF,1,"2021-04-30 16:33:04.534000","2021-04-30 16:33:06.661538"
308,00124B000722DCB8,1,"2021-04-30 16:33:11.593000","2021-04-30 16:33:13.747547"
309,0000FFFFFFFFFFFF,1,"2021-04-30 16:33:11.883000","2021-04-30 16:33:13.747829"
310,0000FFFFFFFFFFFF,1,"2021-04-30 16:35:07.154000","2021-04-30 16:35:09.980484"
311,00124B000722DCB8,1,"2021-04-30 16:35:10.244000","2021-04-30 16:35:13.010363"
312,0000FFFFFFFFFFFF,1,"2021-04-30 16:36:17.553000","2021-04-30 16:36:19.728398"
313,0000FFFFFFFFFFFF,1,"2021-04-30 16:36:56.757000","2021-04-30 16:36:58.143829"
314,0000FFFFFFFFFFFF,1,"2021-04-30 16:36:56.053000","2021-04-30 16:36:58.146230"
315,00124B000722DCB8,1,"2021-04-30 16:36:56.123000","2021-04-30 16:36:58.146526"
316,00124B000722DCB8,1,"2021-04-30 16:37:03.143000","2021-04-30 16:37:05.200344"
317,0000FFFFFFFFFFFF,1,"2021-04-30 16:37:03.473000","2021-04-30 16:37:05.209571"
318,0000FFFFFFFFFFFF,1,"2021-04-30 16:38:59.973000","2021-04-30 16:39:02.436906"
319,00124B000722DCB8,1,"2021-04-30 16:39:03.064000","2021-04-30 16:39:05.497973"
320,00124B000722DCB8,1,"2021-04-30 16:42:18.383000","2021-04-30 16:42:20.544784"
321,00124B000722DCB8,1,"2021-04-30 16:42:27.413000","2021-04-30 16:42:29.665931"
322,0000FFFFFFFFFFFF,1,"2021-04-30 16:42:27.733000","2021-04-30 16:42:29.670260"
323,0000FFFFFFFFFFFF,1,"2021-04-30 16:43:09.104000","2021-04-30 16:43:11.098976"
324,00124B000722DCB8,1,"2021-04-30 16:43:09.184000","2021-04-30 16:43:12.114461"
325,0000FFFFFFFFFFFF,1,"2021-04-30 16:43:09.963000","2021-04-30 16:43:12.126803"
326,00124B000722DCB8,1,"2021-04-30 16:43:18.333000","2021-04-30 16:43:21.234433"
327,0000FFFFFFFFFFFF,1,"2021-04-30 16:43:18.713000","2021-04-30 16:43:21.235883"
328,0000FFFFFFFFFFFF,1,"2021-04-30 16:43:59.873000","2021-04-30 16:44:02.657260"
329,00124B000722DCB8,1,"2021-04-30 16:43:59.954000","2021-04-30 16:44:02.659444"
330,00124B000722DCB8,1,"2021-04-30 16:44:07.053000","2021-04-30 16:44:09.741583"
331,0000FFFFFFFFFFFF,1,"2021-04-30 16:44:07.393000","2021-04-30 16:44:09.750722"
332,00124B000722DCB8,1,"2021-04-30 16:44:48.833000","2021-04-30 16:44:51.196006"
333,0000FFFFFFFFFFFF,1,"2021-04-30 16:44:49.693000","2021-04-30 16:44:51.196407"
334,0000FFFFFFFFFFFF,1,"2021-04-30 16:44:48.757000","2021-04-30 16:44:51.201050"
335,00124B000722DCB8,1,"2021-04-30 16:44:56.533000","2021-04-30 16:44:59.285893"
336,0000FFFFFFFFFFFF,1,"2021-04-30 16:45:03.543000","2021-04-30 16:45:05.371615"
337,00124B000722DCB8,1,"2021-04-30 16:45:03.243000","2021-04-30 16:45:05.374223"
338,00124B000722DCB8,1,"2021-04-30 16:45:45.006000","2021-04-30 16:45:47.815546"
339,0000FFFFFFFFFFFF,1,"2021-04-30 16:45:44.923000","2021-04-30 16:45:47.816023"
340,0000FFFFFFFFFFFF,1,"2021-04-30 16:45:45.973000","2021-04-30 16:45:48.833953"
341,0000FFFFFFFFFFFF,1,"2021-04-30 16:46:29.483000","2021-04-30 16:46:32.304959"
342,00124B000722DCB8,1,"2021-04-30 16:46:29.563000","2021-04-30 16:46:32.305386"
343,0000FFFFFFFFFFFF,1,"2021-04-30 16:46:30.153000","2021-04-30 16:46:32.309691"
344,00124B000722DCB8,1,"2021-04-30 16:46:38.233000","2021-04-30 16:46:40.392374"
345,0000FFFFFFFFFFFF,1,"2021-04-30 16:46:38.533000","2021-04-30 16:46:40.400929"
346,0000FFFFFFFFFFFF,1,"2021-04-30 16:47:21.756000","2021-04-30 16:47:22.838493"
347,0000FFFFFFFFFFFF,1,"2021-04-30 16:47:20.816000","2021-04-30 16:47:22.839705"
348,00124B000722DCB8,1,"2021-04-30 16:47:20.888000","2021-04-30 16:47:22.841398"
349,00124B000722DCB8,1,"2021-04-30 16:47:29.626000","2021-04-30 16:47:30.942303"
350,0000FFFFFFFFFFFF,1,"2021-04-30 16:47:29.947000","2021-04-30 16:47:30.942010"
351,0000FFFFFFFFFFFF,1,"2021-04-30 16:49:24.836000","2021-04-30 16:49:26.138623"
352,00124B000722DCB8,1,"2021-04-30 16:49:27.926000","2021-04-30 16:49:29.196730"
353,00124B000722DCB8,1,"2021-04-30 16:50:30.996000","2021-04-30 16:50:32.879905"
354,00124B000722DCB8,1,"2021-04-30 16:50:44.286000","2021-04-30 16:50:46.040100"
355,0000FFFFFFFFFFFF,1,"2021-04-30 16:50:44.396000","2021-04-30 16:50:46.042237"
356,00124B000722DCB8,1,"2021-04-30 16:50:51.176000","2021-04-30 16:50:53.104428"
357,00124B000722DCB8,1,"2021-04-30 16:50:57.676000","2021-04-30 16:50:59.215157"
358,0000FFFFFFFFFFFF,1,"2021-04-30 16:50:58.085000","2021-04-30 16:50:59.217532"
359,0000FFFFFFFFFFFF,1,"2021-04-30 16:51:40.336000","2021-04-30 16:51:41.638680"
360,00124B000722DCB8,1,"2021-04-30 16:51:40.406000","2021-04-30 16:51:41.646142"
361,0000FFFFFFFFFFFF,1,"2021-04-30 16:51:41.026000","2021-04-30 16:51:41.659403"
362,00124B000722DCB8,1,"2021-04-30 16:51:45.396000","2021-04-30 16:51:46.740585"
363,0000FFFFFFFFFFFF,1,"2021-04-30 16:53:01.756000","2021-04-30 16:53:03.515750"
364,00124B000722DCB8,1,"2021-04-30 16:53:04.846000","2021-04-30 16:53:06.580085"
365,00124B000722DCB8,1,"2021-04-30 16:54:48.236000","2021-04-30 16:54:49.668635"
366,00124B000722DCB8,1,"2021-04-30 17:05:05.427000","2021-04-30 17:05:07.083040"
367,00124B000722DCB8,1,"2021-04-30 17:06:08.937000","2021-04-30 17:06:10.746883"
368,00124B000722DCB8,1,"2021-04-30 17:06:25.906000","2021-04-30 17:06:27.939807"
369,0000FFFFFFFFFFFF,1,"2021-04-30 17:06:26.377000","2021-04-30 17:06:27.948110"
370,00124B000722DCB8,1,"2021-04-30 17:09:02.836000","2021-04-30 17:09:04.571874"
371,0000FFFFFFFFFFFF,1,"2021-04-30 17:09:03.206000","2021-04-30 17:09:04.575638"
372,00124B000722DCB8,1,"2021-04-30 17:10:33.956000","2021-04-30 17:10:35.512852"
373,0000FFFFFFFFFFFF,1,"2021-04-30 17:10:34.266000","2021-04-30 17:10:35.514316"
374,00124B000722DCB8,1,"2021-04-30 17:10:50.746000","2021-04-30 17:10:52.694589"
375,0000FFFFFFFFFFFF,1,"2021-04-30 17:10:51.006000","2021-04-30 17:10:52.696044"
376,0000FFFFFFFFFFFF,1,"2021-04-30 17:12:47.426000","2021-04-30 17:12:48.916367"
377,00124B000722DCB8,1,"2021-04-30 17:12:50.516000","2021-04-30 17:12:51.964987"
378,00124B000722DCB8,1,"2021-04-30 17:14:10.876000","2021-04-30 17:14:12.813123"
379,0000FFFFFFFFFFFF,1,"2021-04-30 17:14:11.026000","2021-04-30 17:14:12.821844"
380,00124B000722DCB8,1,"2021-04-30 17:14:17.696000","2021-04-30 17:14:18.905522"
381,0000FFFFFFFFFFFF,1,"2021-04-30 17:14:18.016000","2021-04-30 17:14:18.906039"
382,0000FFFFFFFFFFFF,1,"2021-04-30 17:16:14.446000","2021-04-30 17:16:16.119483"
383,00124B000722DCB8,1,"2021-04-30 17:16:17.536000","2021-04-30 17:16:19.171434"
384,00124B000722DCB8,1,"2021-04-30 17:17:18.086000","2021-04-30 17:17:19.821567"
385,00124B000722DCB8,1,"2021-04-30 17:18:30.276000","2021-04-30 17:18:31.574633"
386,0000FFFFFFFFFFFF,1,"2021-04-30 17:18:30.606000","2021-04-30 17:18:31.576909"
387,0000FFFFFFFFFFFF,1,"2021-04-30 17:20:26.976000","2021-04-30 17:20:28.786559"
388,00124B000722DCB8,1,"2021-04-30 17:20:30.066000","2021-04-30 17:20:31.838013"
389,00124B000722DCB8,1,"2021-04-30 17:21:37.368000","2021-04-30 17:21:38.549011"
390,0000FFFFFFFFFFFF,1,"2021-04-30 17:21:37.596000","2021-04-30 17:21:38.549319"
391,00124B000722DCB8,1,"2021-04-30 17:22:04.446000","2021-04-30 17:22:05.850535"
392,0000FFFFFFFFFFFF,1,"2021-04-30 17:32:57.376000","2021-04-30 17:32:58.622315"
393,00124B000722DCB8,1,"2021-04-30 17:32:56.987000","2021-04-30 17:32:58.622558"
394,0000FFFFFFFFFFFF,1,"2021-04-30 17:33:34.456000","2021-04-30 17:33:36.001189"
395,00124B000722DCB8,1,"2021-04-30 17:33:34.086000","2021-04-30 17:33:36.001474"
396,0000FFFFFFFFFFFF,1,"2021-04-30 17:33:55.906000","2021-04-30 17:33:57.235883"
397,00124B000722DCB8,1,"2021-04-30 17:33:55.287000","2021-04-30 17:33:57.236387"
398,00124B000722DCB8,1,"2021-04-30 17:35:58.447000","2021-04-30 17:36:00.523812"
399,00124B000722DCB8,1,"2021-04-30 17:36:30.538000","2021-04-30 17:36:31.842781"
400,00124B000722DCB8,1,"2021-04-30 17:46:32.616000","2021-04-30 17:46:34.100334"
401,00124B000722DCB8,1,"2021-04-30 17:47:16.137000","2021-04-30 17:47:17.561328"
402,00124B000722DCB8,1,"2021-04-30 17:47:41.566000","2021-04-30 17:47:42.836946"
403,0000FFFFFFFFFFFF,1,"2021-04-30 17:47:41.956000","2021-04-30 17:47:42.845621"
404,00124B000722DCB8,1,"2021-04-30 17:51:16.167000","2021-04-30 17:51:18.079622"
405,0000FFFFFFFFFFFF,1,"2021-04-30 17:51:17.246000","2021-04-30 17:51:19.110264"
406,00124B000722DCB8,1,"2021-04-30 17:51:33.836000","2021-04-30 17:51:35.302737"
407,0000FFFFFFFFFFFF,1,"2021-04-30 17:51:34.776000","2021-04-30 17:51:35.304945"
408,00124B000722DCB8,1,"2021-04-30 17:52:31.837000","2021-04-30 17:52:33.902906"
409,00124B000722DCB8,1,"2021-04-30 17:52:46.936000","2021-04-30 17:52:48.083131"
410,0000FFFFFFFFFFFF,1,"2021-04-30 17:52:47.976000","2021-04-30 17:52:49.112323"
411,0000FFFFFFFFFFFF,1,"2021-04-30 17:53:05.596000","2021-04-30 17:53:06.300633"
412,00124B000722DCB8,1,"2021-04-30 17:53:04.686000","2021-04-30 17:53:06.301076"
413,00124B000722DCB8,1,"2021-04-30 17:53:46.226000","2021-04-30 17:53:47.717880"
414,0000FFFFFFFFFFFF,1,"2021-04-30 17:53:47.126000","2021-04-30 17:53:47.718146"
415,00124B000722DCB8,1,"2021-04-30 17:54:24.186000","2021-04-30 17:54:26.142307"
416,0000FFFFFFFFFFFF,1,"2021-04-30 17:54:25.036000","2021-04-30 17:54:26.145037"
417,0000FFFFFFFFFFFF,1,"2021-04-30 17:55:35.176000","2021-04-30 17:55:35.879907"
418,00124B000722DCB8,1,"2021-04-30 17:55:34.226000","2021-04-30 17:55:35.880182"
419,0000FFFFFFFFFFFF,1,"2021-04-30 17:57:30.366000","2021-04-30 17:57:32.068590"
420,00124B000722DCB8,1,"2021-04-30 17:57:33.456000","2021-04-30 17:57:35.143625"
421,00124B000722DCB8,1,"2021-04-30 17:58:36.526000","2021-04-30 17:58:37.799169"
422,00124B000722DCB8,1,"2021-04-30 18:27:53.406000","2021-04-30 18:27:54.928890"
423,0000FFFFFFFFFFFF,1,"2021-04-30 18:27:54.016000","2021-04-30 18:27:54.935057"
424,00124B000722DCB8,1,"2021-04-30 18:30:29.887000","2021-04-30 18:30:31.577752"
425,00TEST1,1,"2021-04-30 18:40:00.000000","2021-04-30 18:45:04.583236"
426,00124B000722DCB8,1,"2021-04-30 18:47:38.647000","2021-04-30 18:47:40.173070"
427,0000FFFFFFFFFFFF,1,"2021-04-30 18:47:39.296000","2021-04-30 18:47:40.177178"
428,0000FFFFFFFFFFFF,1,"2021-04-30 18:48:09.226000","2021-04-30 18:48:10.517036"
429,00124B000722DCB8,1,"2021-04-30 18:48:08.796000","2021-04-30 18:48:10.520087"
430,00124B000722DCB8,1,"2021-04-30 18:48:23.056000","2021-04-30 18:48:24.667360"
431,00124B000722DCB8,1,"2021-04-30 18:52:29.177000","2021-04-30 18:52:31.224095"
432,00124B000722DCB8,1,"2021-04-30 18:52:48.657000","2021-04-30 18:52:50.445635"
433,00124B000722DCB8,1,"2021-04-30 18:53:22.996000","2021-04-30 18:53:24.789028"
434,0000FFFFFFFFFFFF,1,"2021-04-30 18:53:23.406000","2021-04-30 18:53:24.798451"
435,0000FFFFFFFFFFFF,1,"2021-04-30 19:03:41.046000","2021-04-30 19:03:42.231596"
436,00124B000722DCB8,1,"2021-04-30 19:03:40.457000","2021-04-30 19:03:42.231909"
437,0000FFFFFFFFFFFF,1,"2021-04-30 19:04:23.027000","2021-04-30 19:04:24.672055"
438,00124B000722DCB8,1,"2021-04-30 19:04:23.116000","2021-04-30 19:04:24.672887"
439,0000FFFFFFFFFFFF,1,"2021-04-30 19:04:23.806000","2021-04-30 19:04:24.680931"
440,00124B000722DCB8,1,"2021-04-30 19:04:30.246000","2021-04-30 19:04:31.758453"
441,0000FFFFFFFFFFFF,1,"2021-04-30 19:04:30.476000","2021-04-30 19:04:31.769908"
442,00124B000722DCB8,1,"2021-04-30 19:04:38.087000","2021-04-30 19:04:39.875958"
443,0000FFFFFFFFFFFF,1,"2021-04-30 19:04:38.519000","2021-04-30 19:04:39.877462"
444,00124B000722DCB8,1,"2021-04-30 19:05:21.270000","2021-04-30 19:05:23.333230"
445,0000FFFFFFFFFFFF,1,"2021-04-30 19:05:21.186000","2021-04-30 19:05:23.336173"
446,0000FFFFFFFFFFFF,1,"2021-04-30 19:05:21.936000","2021-04-30 19:05:23.337013"
447,00124B000722DCB8,1,"2021-04-30 19:05:28.156000","2021-04-30 19:05:29.400050"
448,0000FFFFFFFFFFFF,1,"2021-04-30 19:05:28.519000","2021-04-30 19:05:29.402425"
449,00124B000722DCB8,1,"2021-04-30 19:05:35.019000","2021-04-30 19:05:36.487997"
450,0000FFFFFFFFFFFF,1,"2021-04-30 19:05:35.416000","2021-04-30 19:05:36.488302"
451,00124B000722DCB8,1,"2021-04-30 19:05:42.126000","2021-04-30 19:05:43.585721"
452,0000FFFFFFFFFFFF,1,"2021-04-30 19:05:42.226000","2021-04-30 19:05:43.589389"
453,00124B000722DCB8,1,"2021-04-30 19:06:23.906000","2021-04-30 19:06:25.018260"
454,0000FFFFFFFFFFFF,1,"2021-04-30 19:06:23.828000","2021-04-30 19:06:25.023098"
455,0000FFFFFFFFFFFF,1,"2021-04-30 19:06:24.806000","2021-04-30 19:06:25.024204"
456,00124B000722DCB8,1,"2021-04-30 19:06:32.566000","2021-04-30 19:06:34.124925"
457,0000FFFFFFFFFFFF,1,"2021-04-30 19:07:14.222000","2021-04-30 19:07:15.569571"
458,00124B000722DCB8,1,"2021-04-30 19:07:14.307000","2021-04-30 19:07:15.571139"
459,0000FFFFFFFFFFFF,1,"2021-04-30 19:07:14.884000","2021-04-30 19:07:15.576598"
460,00124B000722DCB8,1,"2021-04-30 19:07:22.376000","2021-04-30 19:07:23.669155"
461,0000FFFFFFFFFFFF,1,"2021-04-30 19:07:22.606000","2021-04-30 19:07:23.670560"
462,0000FFFFFFFFFFFF,1,"2021-04-30 19:08:03.936000","2021-04-30 19:08:05.112354"
463,00124B000722DCB8,1,"2021-04-30 19:08:04.006000","2021-04-30 19:08:05.114793"
464,0000FFFFFFFFFFFF,1,"2021-04-30 19:08:04.786000","2021-04-30 19:08:05.115145"
465,00124B000722DCB8,1,"2021-04-30 19:08:12.416000","2021-04-30 19:08:14.222873"
466,0000FFFFFFFFFFFF,1,"2021-04-30 19:08:12.726000","2021-04-30 19:08:14.225794"
467,0000FFFFFFFFFFFF,1,"2021-04-30 19:10:09.246000","2021-04-30 19:10:10.415529"
468,00124B000722DCB8,1,"2021-04-30 19:10:12.336000","2021-04-30 19:10:14.485902"
469,00124B000722DCB8,1,"2021-04-30 19:10:29.316000","2021-04-30 19:10:30.662600"
470,00124B000722DCB8,1,"2021-04-30 19:10:35.786000","2021-04-30 19:10:37.749220"
471,0000FFFFFFFFFFFF,1,"2021-04-30 19:10:36.166000","2021-04-30 19:10:37.751947"
472,00124B000722DCB8,1,"2021-04-30 19:10:42.676000","2021-04-30 19:10:44.837502"
473,0000FFFFFFFFFFFF,1,"2021-04-30 19:10:43.076000","2021-04-30 19:10:44.838919"
474,0000FFFFFFFFFFFF,1,"2021-04-30 19:11:24.346000","2021-04-30 19:11:26.273980"
475,00124B000722DCB8,1,"2021-04-30 19:11:24.416000","2021-04-30 19:11:26.275441"
476,00124B000722DCB8,1,"2021-04-30 19:11:33.129000","2021-04-30 19:11:34.373444"
477,0000FFFFFFFFFFFF,1,"2021-04-30 19:12:15.556000","2021-04-30 19:12:16.823166"
478,0000FFFFFFFFFFFF,1,"2021-04-30 19:12:14.706000","2021-04-30 19:12:16.823482"
479,00124B000722DCB8,1,"2021-04-30 19:12:14.777000","2021-04-30 19:12:16.826878"
480,00124B000722DCB8,1,"2021-04-30 19:12:23.306000","2021-04-30 19:12:24.914606"
481,00124B000722DCB8,1,"2021-04-30 19:12:30.116000","2021-04-30 19:12:31.993451"
482,0000FFFFFFFFFFFF,1,"2021-04-30 19:12:30.466000","2021-04-30 19:12:32.001463"
483,0000FFFFFFFFFFFF,1,"2021-04-30 19:13:13.876000","2021-04-30 19:13:15.480028"
484,0000FFFFFFFFFFFF,1,"2021-04-30 19:13:14.776000","2021-04-30 19:13:15.482167"
485,00124B000722DCB8,1,"2021-04-30 19:13:13.946000","2021-04-30 19:13:15.482457"
486,00124B000722DCB8,1,"2021-04-30 19:13:21.406000","2021-04-30 19:13:23.564529"
487,0000FFFFFFFFFFFF,1,"2021-04-30 19:13:21.706000","2021-04-30 19:13:23.565922"
488,00124B000722DCB8,1,"2021-04-30 19:14:03.276000","2021-04-30 19:14:05.003790"
489,0000FFFFFFFFFFFF,1,"2021-04-30 19:14:03.206000","2021-04-30 19:14:05.003588"
490,00124B000722DCB8,1,"2021-04-30 19:14:10.816000","2021-04-30 19:14:12.076334"
491,0000FFFFFFFFFFFF,1,"2021-04-30 19:14:11.126000","2021-04-30 19:14:12.081291"
492,0000FFFFFFFFFFFF,1,"2021-04-30 19:14:56.036000","2021-04-30 19:14:57.572831"
493,0000FFFFFFFFFFFF,1,"2021-04-30 19:14:56.696000","2021-04-30 19:14:57.577160"
494,00124B000722DCB8,1,"2021-04-30 19:14:56.106000","2021-04-30 19:14:57.577556"
495,00124B000722DCB8,1,"2021-04-30 19:15:03.036000","2021-04-30 19:15:03.651474"
496,00124B000722DCB8,1,"2021-04-30 19:15:44.786000","2021-04-30 19:15:46.122850"
497,0000FFFFFFFFFFFF,1,"2021-04-30 19:15:44.716000","2021-04-30 19:15:46.123166"
498,0000FFFFFFFFFFFF,1,"2021-04-30 19:15:45.566000","2021-04-30 19:15:46.123462"
499,00124B000722DCB8,1,"2021-04-30 19:15:53.736000","2021-04-30 19:15:55.206127"
500,0000FFFFFFFFFFFF,1,"2021-04-30 19:15:54.097000","2021-04-30 19:15:55.211346"
501,0000FFFFFFFFFFFF,1,"2021-04-30 19:16:35.256000","2021-04-30 19:16:36.658454"
502,00124B000722DCB8,1,"2021-04-30 19:16:35.326000","2021-04-30 19:16:36.658724"
503,00124B000722DCB8,1,"2021-04-30 19:16:42.856000","2021-04-30 19:16:44.752375"
504,00124B000722DCB8,1,"2021-04-30 19:16:50.246000","2021-04-30 19:16:51.840648"
505,0000FFFFFFFFFFFF,1,"2021-04-30 19:16:50.606000","2021-04-30 19:16:51.844776"
506,00124B000722DCB8,1,"2021-04-30 19:17:31.876000","2021-04-30 19:17:33.291483"
507,0000FFFFFFFFFFFF,1,"2021-04-30 19:17:31.806000","2021-04-30 19:17:33.292190"
508,00124B000722DCB8,1,"2021-04-30 19:17:38.986000","2021-04-30 19:17:40.368871"
509,00124B000722DCB8,1,"2021-04-30 19:17:45.336000","2021-04-30 19:17:47.462747"
510,0000FFFFFFFFFFFF,1,"2021-04-30 19:17:45.626000","2021-04-30 19:17:47.462475"
511,00124B000722DCB8,1,"2021-04-30 19:18:17.106000","2021-04-30 19:18:18.780184"
512,0000FFFFFFFFFFFF,1,"2021-04-30 19:18:25.567000","2021-04-30 19:18:26.877408"
513,00124B000722DCB8,1,"2021-04-30 19:18:47.436000","2021-04-30 19:18:49.131014"
514,0000FFFFFFFFFFFF,1,"2021-04-30 19:18:47.776000","2021-04-30 19:18:49.131691"
515,0000FFFFFFFFFFFF,1,"2021-04-30 19:18:54.366000","2021-04-30 19:18:55.211404"
516,00124B000722DCB8,1,"2021-04-30 19:18:53.996000","2021-04-30 19:18:55.214354"
517,0000FFFFFFFFFFFF,1,"2021-04-30 19:19:09.117000","2021-04-30 19:19:10.379760"
518,00124B000722DCB8,1,"2021-04-30 19:19:09.196000","2021-04-30 19:19:10.381882"
519,00124B000722DCB8,1,"2021-04-30 19:19:18.017000","2021-04-30 19:19:19.470533"
520,00124B000722DCB8,1,"2021-04-30 19:19:25.536000","2021-04-30 19:19:27.572430"
521,0000FFFFFFFFFFFF,1,"2021-04-30 19:19:25.807000","2021-04-30 19:19:27.586060"
522,00124B000722DCB8,1,"2021-04-30 19:19:32.356000","2021-04-30 19:19:33.647782"
523,00124B000722DCB8,1,"2021-04-30 19:19:38.616000","2021-04-30 19:19:40.743465"
524,0000FFFFFFFFFFFF,1,"2021-04-30 19:19:38.977000","2021-04-30 19:19:40.752208"
525,0000FFFFFFFFFFFF,1,"2021-04-30 19:21:33.156000","2021-04-30 19:21:33.918977"
526,00124B000722DCB8,1,"2021-04-30 19:21:36.246000","2021-04-30 19:21:37.975423"
527,00124B000722DCB8,1,"2021-04-30 19:21:47.846000","2021-04-30 19:21:49.112054"
528,0000FFFFFFFFFFFF,1,"2021-04-30 19:21:48.166000","2021-04-30 19:21:49.113787"
529,00124B000722DCB8,1,"2021-04-30 19:22:29.549000","2021-04-30 19:22:31.569925"
530,0000FFFFFFFFFFFF,1,"2021-04-30 19:22:29.476000","2021-04-30 19:22:31.571526"
531,0000FFFFFFFFFFFF,1,"2021-04-30 19:22:30.438000","2021-04-30 19:22:31.577319"
532,00124B000722DCB8,1,"2021-04-30 19:22:36.966000","2021-04-30 19:22:38.654339"
533,0000FFFFFFFFFFFF,1,"2021-04-30 19:23:18.558000","2021-04-30 19:23:20.108679"
534,00124B000722DCB8,1,"2021-04-30 19:23:18.662000","2021-04-30 19:23:20.110967"
535,0000FFFFFFFFFFFF,1,"2021-04-30 19:23:19.216000","2021-04-30 19:23:20.111219"
536,00124B000722DCB8,1,"2021-04-30 19:23:26.896000","2021-04-30 19:23:28.187883"
537,0000FFFFFFFFFFFF,1,"2021-04-30 19:23:33.866000","2021-04-30 19:23:35.282983"
538,00124B000722DCB8,1,"2021-04-30 19:23:33.886000","2021-04-30 19:23:35.283352"
539,0000FFFFFFFFFFFF,1,"2021-04-30 19:24:16.497000","2021-04-30 19:24:17.740062"
540,00124B000722DCB8,1,"2021-04-30 19:24:16.566000","2021-04-30 19:24:17.748000"
541,0000FFFFFFFFFFFF,1,"2021-04-30 19:24:17.116000","2021-04-30 19:24:17.749154"
542,00124B000722DCB8,1,"2021-04-30 19:24:23.486000","2021-04-30 19:24:24.823750"
543,0000FFFFFFFFFFFF,1,"2021-04-30 19:24:23.826000","2021-04-30 19:24:24.827305"
544,0000FFFFFFFFFFFF,1,"2021-04-30 19:25:07.377000","2021-04-30 19:25:09.292813"
545,00124B000722DCB8,1,"2021-04-30 19:25:07.456000","2021-04-30 19:25:09.293110"
546,0000FFFFFFFFFFFF,1,"2021-04-30 19:25:08.267000","2021-04-30 19:25:09.298338"
547,0000FFFFFFFFFFFF,1,"2021-04-30 19:25:16.716000","2021-04-30 19:25:18.410162"
548,00124B000722DCB8,1,"2021-04-30 19:25:16.366000","2021-04-30 19:25:18.411684"
549,00124B000722DCB8,1,"2021-04-30 19:25:23.156000","2021-04-30 19:25:23.467678"
550,0000FFFFFFFFFFFF,1,"2021-04-30 19:25:23.536000","2021-04-30 19:25:25.498471"
551,00124B000722DCB8,1,"2021-04-30 19:26:04.886000","2021-04-30 19:26:06.950487"
552,0000FFFFFFFFFFFF,1,"2021-04-30 19:26:04.816000","2021-04-30 19:26:06.950766"
553,0000FFFFFFFFFFFF,1,"2021-04-30 19:26:05.656000","2021-04-30 19:26:06.953765"
554,0000FFFFFFFFFFFF,1,"2021-04-30 19:26:12.616000","2021-04-30 19:26:14.047796"
555,0000FFFFFFFFFFFF,1,"2021-04-30 19:27:01.006000","2021-04-30 19:27:02.582125"
556,00124B000722DCB8,1,"2021-04-30 19:27:00.896000","2021-04-30 19:27:02.582454"
557,0000FFFFFFFFFFFF,1,"2021-04-30 19:27:42.576000","2021-04-30 19:27:44.025458"
558,0000FFFFFFFFFFFF,1,"2021-04-30 19:27:43.516000","2021-04-30 19:27:44.031707"
559,00124B000722DCB8,1,"2021-04-30 19:27:42.647000","2021-04-30 19:27:44.032315"
560,00124B000722DCB8,1,"2021-04-30 19:27:51.049000","2021-04-30 19:27:53.140080"
561,0000FFFFFFFFFFFF,1,"2021-04-30 19:28:32.636000","2021-04-30 19:28:33.565344"
562,00124B000722DCB8,1,"2021-04-30 19:28:32.706000","2021-04-30 19:28:33.567795"
563,0000FFFFFFFFFFFF,1,"2021-04-30 19:28:33.286000","2021-04-30 19:28:34.587038"
564,00124B000722DCB8,1,"2021-04-30 19:28:39.806000","2021-04-30 19:28:41.679180"
565,0000FFFFFFFFFFFF,1,"2021-04-30 19:28:40.136000","2021-04-30 19:28:41.679480"
566,00124B000722DCB8,1,"2021-04-30 19:28:47.166000","2021-04-30 19:28:48.758131"
567,00124B000722DCB8,1,"2021-04-30 19:29:29.786000","2021-04-30 19:29:31.217483"
568,0000FFFFFFFFFFFF,1,"2021-04-30 19:29:29.716000","2021-04-30 19:29:31.220495"
569,0000FFFFFFFFFFFF,1,"2021-04-30 19:29:30.487000","2021-04-30 19:29:31.222411"
570,00124B000722DCB8,1,"2021-04-30 19:29:37.896000","2021-04-30 19:29:39.312956"
571,00124B000722DCB8,1,"2021-04-30 19:29:44.586000","2021-04-30 19:29:46.387814"
572,0000FFFFFFFFFFFF,1,"2021-04-30 19:29:44.996000","2021-04-30 19:29:46.396410"
573,0000FFFFFFFFFFFF,1,"2021-04-30 19:30:26.256000","2021-04-30 19:30:27.858475"
574,00124B000722DCB8,1,"2021-04-30 19:30:26.326000","2021-04-30 19:30:27.860902"
575,0000FFFFFFFFFFFF,1,"2021-04-30 19:30:27.146000","2021-04-30 19:30:27.861146"
576,00124B000722DCB8,1,"2021-04-30 19:30:34.267000","2021-04-30 19:30:35.960781"
577,0000FFFFFFFFFFFF,1,"2021-04-30 19:31:15.836000","2021-04-30 19:31:17.407338"
578,0000FFFFFFFFFFFF,1,"2021-04-30 19:31:16.526000","2021-04-30 19:31:17.407864"
579,00124B000722DCB8,1,"2021-04-30 19:31:15.906000","2021-04-30 19:31:17.408572"
580,00124B000722DCB8,1,"2021-04-30 19:31:23.067000","2021-04-30 19:31:23.480879"
581,0000FFFFFFFFFFFF,1,"2021-04-30 19:31:23.466000","2021-04-30 19:31:25.504951"
582,00124B000722DCB8,1,"2021-04-30 19:31:30.236000","2021-04-30 19:31:31.584491"
583,00124B000722DCB8,1,"2021-04-30 19:31:37.356000","2021-04-30 19:31:38.687092"
584,0000FFFFFFFFFFFF,1,"2021-04-30 19:31:37.676000","2021-04-30 19:31:38.688530"
585,0000FFFFFFFFFFFF,1,"2021-04-30 19:32:18.966000","2021-04-30 19:32:21.141203"
586,0000FFFFFFFFFFFF,1,"2021-04-30 19:32:19.696000","2021-04-30 19:32:21.145211"
587,00124B000722DCB8,1,"2021-04-30 19:32:19.036000","2021-04-30 19:32:21.146363"
588,00124B000722DCB8,1,"2021-04-30 19:32:25.947000","2021-04-30 19:32:27.217432"
589,0000FFFFFFFFFFFF,1,"2021-04-30 19:32:26.311000","2021-04-30 19:32:27.217861"
590,00124B000722DCB8,1,"2021-04-30 19:32:32.876000","2021-04-30 19:32:34.304174"
591,0000FFFFFFFFFFFF,1,"2021-04-30 19:32:33.186000","2021-04-30 19:32:35.330644"
592,0000FFFFFFFFFFFF,1,"2021-04-30 19:33:15.538000","2021-04-30 19:33:16.815719"
593,00124B000722DCB8,1,"2021-04-30 19:33:15.606000","2021-04-30 19:33:16.816003"
594,0000FFFFFFFFFFFF,1,"2021-04-30 19:33:16.586000","2021-04-30 19:33:17.852404"
595,00124B000722DCB8,1,"2021-04-30 19:33:23.606000","2021-04-30 19:33:24.942444"
596,0000FFFFFFFFFFFF,1,"2021-04-30 19:33:23.826000","2021-04-30 19:33:24.946393"
597,0000FFFFFFFFFFFF,0,"2021-04-30 19:33:59.476000","2021-04-30 19:34:01.326404"
598,00124B000722DCB8,0,"2021-04-30 19:33:59.546000","2021-04-30 19:34:01.330410"
599,00124B000722DCB8,1,"2021-04-30 19:34:07.127000","2021-04-30 19:34:08.480884"
600,00124B000722DCB8,1,"2021-04-30 19:34:11.676000","2021-04-30 19:34:12.535744"
601,00124B000722DCB8,1,"2021-04-30 19:34:16.166000","2021-04-30 19:34:17.598722"
602,00124B000722DCB8,1,"2021-04-30 19:34:21.046000","2021-04-30 19:34:22.674467"
603,00124B000722DCB8,0,"2021-04-30 19:34:49.726000","2021-04-30 19:34:50.985114"
604,0000FFFFFFFFFFFF,0,"2021-04-30 19:34:49.656000","2021-04-30 19:34:50.987260"
605,0000FFFFFFFFFFFF,1,"2021-04-30 19:42:16.866000","2021-04-30 19:42:18.623004"
606,00124B000722DCB8,1,"2021-04-30 19:42:16.506000","2021-04-30 19:42:18.622719"
607,00124B000722DCB8,1,"2021-04-30 19:42:24.076000","2021-04-30 19:42:25.703874"
608,0000FFFFFFFFFFFF,1,"2021-04-30 19:42:24.296000","2021-04-30 19:42:25.704143"
609,0000FFFFFFFFFFFF,1,"2021-04-30 19:42:39.197000","2021-04-30 19:42:40.870361"
610,00124B000722DCB8,1,"2021-04-30 19:42:39.276000","2021-04-30 19:42:40.871783"
611,00124B000722DCB8,1,"2021-04-30 19:42:44.318000","2021-04-30 19:42:45.933090"
612,00124B000722DCB8,1,"2021-04-30 20:19:12.607000","2021-04-30 20:19:14.567625"
613,0000FFFFFFFFFFFF,1,"2021-04-30 20:19:32.506000","2021-04-30 20:19:33.791329"
614,0000FFFFFFFFFFFF,1,"2021-04-30 20:19:33.146000","2021-04-30 20:19:33.800101"
615,00124B000722DCB8,1,"2021-04-30 20:19:32.576000","2021-04-30 20:19:33.801489"
616,00124B000722DCB8,1,"2021-04-30 20:20:09.706000","2021-04-30 20:20:11.194757"
617,0000FFFFFFFFFFFF,1,"2021-04-30 20:20:09.957000","2021-04-30 20:20:11.196291"
618,00124B000722DCB8,1,"2021-04-30 20:40:42.580000","2021-04-30 20:40:43.917009"
619,00124B000722DCB8,1,"2021-04-30 20:42:06.907000","2021-04-30 20:42:08.785957"
620,0000FFFFFFFFFFFF,1,"2021-04-30 20:42:07.366000","2021-04-30 20:42:08.797158"
621,00124B000722DCB8,1,"2021-04-30 20:43:04.317000","2021-04-30 20:43:06.379689"
622,00124B000722DCB8,1,"2021-04-30 20:43:48.415000","2021-04-30 20:43:49.851793"
623,0000FFFFFFFFFFFF,1,"2021-04-30 20:44:08.616000","2021-04-30 20:44:10.072993"
624,00124B000722DCB8,1,"2021-04-30 20:44:08.266000","2021-04-30 20:44:10.075430"
625,00124B000722DCB8,1,"2021-04-30 20:45:09.426000","2021-04-30 20:45:10.842364"
626,0000FFFFFFFFFFFF,1,"2021-04-30 20:45:09.726000","2021-04-30 20:45:10.843851"
627,0000FFFFFFFFFFFF,1,"2021-04-30 21:10:38.577000","2021-04-30 21:10:40.655659"
628,00124B000722DCB8,1,"2021-04-30 21:10:38.646000","2021-04-30 21:10:40.655930"
629,0000FFFFFFFFFFFF,1,"2021-04-30 21:10:39.546000","2021-04-30 21:10:40.658424"
630,0000FFFFFFFFFFFF,1,"2021-04-30 21:11:28.626000","2021-04-30 21:11:30.162022"
631,00124B000722DCB8,1,"2021-04-30 21:11:28.776000","2021-04-30 21:11:30.163414"
632,00124B000722DCB8,1,"2021-04-30 21:12:47.946000","2021-04-30 21:12:50.004362"
633,0000FFFFFFFFFFFF,1,"2021-04-30 21:12:48.056000","2021-04-30 21:12:50.004642"
634,SS-TEST1,1,"2021-05-03 23:52:45.000000","2021-05-03 23:53:13.059426"
635,<mac>,1,"2021-05-02 15:34:17.000000","2021-05-04 13:04:26.793384"
636,<mac>,0,"2021-05-02 15:34:17.000000","2021-05-04 13:05:05.260523"
637,<mac1122>,1,"2021-05-02 15:34:17.000000","2021-05-04 13:34:28.051146"
638,<mac1233>,1,"2021-05-02 15:34:17.000000","2021-05-04 15:17:04.507880"
639,<mac1233>,0,"2021-05-02 15:34:17.000000","2021-05-04 15:47:33.654642"
640,000D6F00000D6F00,0,"2021-05-02 15:34:17.000000","2021-05-04 15:49:19.143830"
641,000D6F00000D6F00,1,"2021-05-04 12:08:45.441000","2021-05-04 16:07:26.959163"
642,00EEAEEGGG,0,"2021-04-30 15:09:00.000000","2021-05-05 12:55:14.283536"
643,MYDEVICEMAC,1,"2021-05-05 16:23:11.000000","2021-05-05 16:24:39.543408"
644,000D6F00000D6F00,1,"2021-05-05 21:00:00.000000","2021-05-05 21:15:16.720030"
645,000D6F00000D6F00,0,"2021-05-05 21:00:00.000000","2021-05-05 21:17:07.620704"
646,test_mac1,1,"2021-05-04 12:08:45.441000","2021-05-06 00:15:17.917235"
647,test_mac1,1,"2021-05-06 23:48:41.000000","2021-05-06 00:19:29.616767"
648,000D6F00000D6F00,1,"2021-05-06 23:48:41.000000","2021-05-06 00:21:33.506527"
649,test_mac1,0,"2021-05-06 23:48:41.000000","2021-05-06 00:24:01.158337"
650,test_mac1,0,"2021-05-06 09:00:32.000000","2021-05-06 10:39:01.924902"
651,test_mac2,1,"2021-05-06 09:00:32.000000","2021-05-06 10:43:44.327581"
652,test_mac2,1,"2021-05-06 09:00:32.000000","2021-05-06 10:46:35.251409"
653,000D6F000BCB882A,1,"2021-05-07 12:46:44.292000","2021-05-07 12:46:45.990940"
654,0000A4A4D3C27979,1,"2021-05-07 12:46:44.861000","2021-05-07 12:46:45.991585"
655,000D6F000BCB882A,1,"2021-05-07 12:48:37.002000","2021-05-07 12:48:38.169731"
656,0000A4A4D3C27979,1,"2021-05-07 12:49:48.962000","2021-05-07 12:49:49.936403"
657,000D6F000BCB882A,1,"2021-05-07 12:49:48.662000","2021-05-07 12:49:49.936135"
658,000D6F000BCB882A,1,"2021-05-07 12:50:00.421000","2021-05-07 12:50:02.085399"
659,0000A4A4D3C27979,1,"2021-05-07 12:50:00.872000","2021-05-07 12:50:02.090500"
660,0000A4A4D3C27979,1,"2021-05-07 12:50:12.682000","2021-05-07 12:50:14.228120"
661,000D6F000BCB882A,1,"2021-05-07 12:50:12.321000","2021-05-07 12:50:14.228733"
662,000D6F000BCB882A,1,"2021-05-07 12:52:19.145000","2021-05-07 12:52:20.559592"
663,0000A4A4D3C27979,1,"2021-05-07 12:52:19.502000","2021-05-07 12:52:20.568774"
664,000D6F000BCB882A,1,"2021-05-07 12:52:30.812000","2021-05-07 12:52:32.698739"
665,0000A4A4D3C27979,1,"2021-05-07 12:52:42.982000","2021-05-07 12:52:43.819436"
666,000D6F000BCB882A,1,"2021-05-07 12:52:42.572000","2021-05-07 12:52:43.820811"
667,000D6F000BCB882A,1,"2021-05-07 12:52:55.462000","2021-05-07 12:52:56.963948"
668,0000A4A4D3C27979,1,"2021-05-07 12:52:55.772000","2021-05-07 12:52:56.964232"
669,000D6F000BCB882A,1,"2021-05-07 12:53:07.732000","2021-05-07 12:53:08.102927"
670,0000A4A4D3C27979,1,"2021-05-07 12:53:08.171000","2021-05-07 12:53:10.124857"
671,0000A4A4D3C27979,1,"2021-05-07 12:53:20.352000","2021-05-07 12:53:21.265584"
672,000D6F000BCB882A,1,"2021-05-07 12:53:19.971000","2021-05-07 12:53:21.265889"
673,000D6F000BCB882A,1,"2021-05-07 12:53:31.761000","2021-05-07 12:53:33.405469"
674,0000A4A4D3C27979,1,"2021-05-07 12:53:32.146000","2021-05-07 12:53:33.408471"
675,000D6F000BCB882A,1,"2021-05-07 12:53:43.522000","2021-05-07 12:53:45.528387"
676,0000A4A4D3C27979,1,"2021-05-07 12:53:55.622000","2021-05-07 12:53:56.660065"
677,000D6F000BCB882A,1,"2021-05-07 12:53:55.222000","2021-05-07 12:53:56.663243"
678,0000A4A4D3C27979,1,"2021-05-07 12:55:20.262000","2021-05-07 12:55:21.623690"
679,000D6F000BCB882A,1,"2021-05-07 12:55:20.161000","2021-05-07 12:55:21.626144"
680,000D6F000BCB882A,1,"2021-05-07 12:55:32.061000","2021-05-07 12:55:33.756163"
681,0000A4A4D3C27979,1,"2021-05-07 12:55:44.002000","2021-05-07 12:55:45.898552"
682,000D6F000BCB882A,1,"2021-05-07 12:55:43.854000","2021-05-07 12:55:45.898812"
683,000D6F000BCB882A,1,"2021-05-07 12:55:56.192000","2021-05-07 12:55:58.039239"
684,000D6F000BCB882A,1,"2021-05-07 12:56:07.961000","2021-05-07 12:56:09.165878"
685,0000A4A4D3C27979,1,"2021-05-07 12:56:20.012000","2021-05-07 12:56:21.317441"
686,000D6F000BCB882A,1,"2021-05-07 12:56:19.571000","2021-05-07 12:56:21.318898"
687,000D6F000BCB882A,1,"2021-05-07 12:56:31.771000","2021-05-07 12:56:33.447218"
688,0000A4A4D3C27979,1,"2021-05-07 12:56:43.952000","2021-05-07 12:56:45.593841"
689,000D6F000BCB882A,1,"2021-05-07 12:56:43.741000","2021-05-07 12:56:45.595303"
690,000D6F000BCB882A,1,"2021-05-07 12:56:55.861000","2021-05-07 12:56:57.730116"
691,0000A4A4D3C27979,1,"2021-05-07 12:56:56.012000","2021-05-07 12:56:57.732378"
692,0000A4A4D3C27979,1,"2021-05-07 12:57:09.645000","2021-05-07 12:57:10.867543"
693,000D6F000BCB882A,1,"2021-05-07 12:57:09.302000","2021-05-07 12:57:10.867816"
694,000D6F000BCB882A,1,"2021-05-07 12:57:21.631000","2021-05-07 12:57:22.989043"
695,0000A4A4D3C27979,1,"2021-05-07 12:57:22.042000","2021-05-07 12:57:22.997815"
696,000D6F000BCB882A,1,"2021-05-07 12:57:33.731000","2021-05-07 12:57:35.140900"
697,0000A4A4D3C27979,1,"2021-05-07 12:57:46.012000","2021-05-07 12:57:47.281458"
698,000D6F000BCB882A,1,"2021-05-07 12:57:45.651000","2021-05-07 12:57:47.281940"
699,000D6F000BCB882A,1,"2021-05-07 12:57:57.661000","2021-05-07 12:57:59.405028"
700,0000A4A4D3C27979,1,"2021-05-07 12:57:57.782000","2021-05-07 12:57:59.412396"
701,000D6F000BCB882A,1,"2021-05-07 12:58:09.551000","2021-05-07 12:58:11.565191"
702,0000A4A4D3C27979,1,"2021-05-07 12:58:21.672000","2021-05-07 12:58:22.680231"
703,000D6F000BCB882A,1,"2021-05-07 12:58:21.551000","2021-05-07 12:58:22.681904"
704,000D6F000BCB882A,1,"2021-05-07 12:58:34.051000","2021-05-07 12:58:35.833925"
705,000D6F000BCB882A,1,"2021-05-07 12:58:46.362000","2021-05-07 12:58:47.974751"
706,0000A4A4D3C27979,1,"2021-05-07 12:58:46.751000","2021-05-07 12:58:47.974507"
707,0000A4A4D3C27979,1,"2021-05-07 12:58:58.782000","2021-05-07 12:59:00.101246"
708,000D6F000BCB882A,1,"2021-05-07 12:58:58.401000","2021-05-07 12:59:00.102029"
709,000D6F000BCB882A,1,"2021-05-07 12:59:10.521000","2021-05-07 12:59:12.230434"
710,0000A4A4D3C27979,1,"2021-05-07 12:59:10.802000","2021-05-07 12:59:12.233088"
711,000D6F000BCB882A,1,"2021-05-07 12:59:23.741000","2021-05-07 12:59:25.391547"
712,0000A4A4D3C27979,1,"2021-05-07 12:59:23.952000","2021-05-07 12:59:25.393864"
713,000D6F000BCB882A,1,"2021-05-07 12:59:35.701000","2021-05-07 12:59:37.540881"
714,000D6F000BCB882A,1,"2021-05-07 12:59:47.451000","2021-05-07 12:59:48.661557"
715,000D6F000BCB882A,1,"2021-05-07 12:59:59.712000","2021-05-07 13:00:00.791364"
716,0000A4A4D3C27979,1,"2021-05-07 13:00:00.172000","2021-05-07 13:00:00.802204"
717,000D6F000BCB882A,1,"2021-05-07 13:00:12.481000","2021-05-07 13:00:13.960060"
718,000D6F000BCB882A,1,"2021-05-07 13:00:23.841000","2021-05-07 13:00:25.079030"
719,000D6F000BCB882A,1,"2021-05-07 13:00:35.902000","2021-05-07 13:00:36.225429"
720,0000A4A4D3C27979,1,"2021-05-07 13:00:36.281000","2021-05-07 13:00:38.255230"
721,000D6F000BCB882A,1,"2021-05-07 13:00:47.742000","2021-05-07 13:00:49.386692"
722,0000A4A4D3C27979,1,"2021-05-07 13:00:48.153000","2021-05-07 13:00:49.390850"
723,0000A4A4D3C27979,1,"2021-05-07 13:00:59.895000","2021-05-07 13:01:01.517829"
724,000D6F000BCB882A,1,"2021-05-07 13:00:59.531000","2021-05-07 13:01:01.518120"
725,000D6F000BCB882A,1,"2021-05-07 13:01:11.802000","2021-05-07 13:01:13.654708"
726,0000A4A4D3C27979,1,"2021-05-07 13:01:11.993000","2021-05-07 13:01:13.656953"
727,000D6F000BCB882A,1,"2021-05-07 13:01:24.291000","2021-05-07 13:01:25.801467"
728,0000A4A4D3C27979,1,"2021-05-07 13:01:36.841000","2021-05-07 13:01:37.924907"
729,000D6F000BCB882A,1,"2021-05-07 13:01:36.631000","2021-05-07 13:01:37.925457"
730,0001JIOLIGHT,1,"2021-05-07 11:00:00.000000","2021-05-07 13:01:52.600459"
731,000D6F000BCB882A,1,"2021-05-07 13:01:59.971000","2021-05-07 13:02:01.188918"
732,0000A4A4D3C27979,1,"2021-05-07 13:02:12.282000","2021-05-07 13:02:14.348464"
733,000D6F000BCB882A,1,"2021-05-07 13:02:11.901000","2021-05-07 13:02:14.350673"
734,0000A4A4D3C27979,1,"2021-05-07 13:02:24.145000","2021-05-07 13:02:25.466374"
735,000D6F000BCB882A,1,"2021-05-07 13:02:23.751000","2021-05-07 13:02:25.469486"
736,0000A4A4D3C27979,1,"2021-05-07 13:04:13.411000","2021-05-07 13:04:14.612994"
737,000D6F000BCB882A,1,"2021-05-07 13:04:16.521000","2021-05-07 13:04:17.663911"
738,000D6F000BCB882A,1,"2021-05-07 13:05:24.981000","2021-05-07 13:05:26.381418"
739,0001JIOMOTION,0,"2021-05-07 12:00:00.000000","2021-05-07 13:05:38.424603"
740,000D6F000BCB882A,1,"2021-05-07 13:11:45.021000","2021-05-07 13:11:47.341148"
741,0000A4A4D3C27979,1,"2021-05-07 13:11:45.322000","2021-05-07 13:11:47.344201"
742,000D6F000BCB882A,1,"2021-05-07 13:11:57.352000","2021-05-07 13:11:58.477702"
743,0000A4A4D3C27979,1,"2021-05-07 13:11:57.841000","2021-05-07 13:11:58.478188"
744,000D6F000BCB882A,1,"2021-05-07 13:12:09.411000","2021-05-07 13:12:10.617762"
745,0000A4A4D3C27979,1,"2021-05-07 13:12:09.822000","2021-05-07 13:12:10.618243"
746,000D6F000BCB882A,1,"2021-05-07 13:12:21.121000","2021-05-07 13:12:22.754007"
747,0000A4A4D3C27979,1,"2021-05-07 13:12:21.482000","2021-05-07 13:12:22.756256"
748,000D6F000BCB882A,1,"2021-05-07 13:12:32.961000","2021-05-07 13:12:34.888454"
749,000D6F000BCB882A,1,"2021-05-07 13:12:44.781000","2021-05-07 13:12:46.017701"
750,0000A4A4D3C27979,1,"2021-05-07 13:12:45.182000","2021-05-07 13:12:46.018190"
751,000D6F000BCB882A,1,"2021-05-07 13:12:57.145000","2021-05-07 13:12:59.154368"
752,000D6F000BCB882A,1,"2021-05-07 13:13:09.721000","2021-05-07 13:13:11.307982"
753,0000A4A4D3C27979,1,"2021-05-07 13:13:09.621000","2021-05-07 13:13:11.310224"
754,0000A4A4D3C27979,1,"2021-05-07 13:13:22.101000","2021-05-07 13:13:23.456005"
755,000D6F000BCB882A,1,"2021-05-07 13:13:21.791000","2021-05-07 13:13:23.456601"
756,000D6F000BCB882A,1,"2021-05-07 13:13:47.972000","2021-05-07 13:13:49.743611"
757,0000A4A4D3C27979,1,"2021-05-07 13:13:48.312000","2021-05-07 13:13:49.745374"
758,0000A4A4D3C27979,1,"2021-05-07 13:14:00.662000","2021-05-07 13:14:01.877903"
759,000D6F000BCB882A,1,"2021-05-07 13:14:00.341000","2021-05-07 13:14:01.879610"
760,000D6F000BCB882A,1,"2021-05-07 13:14:12.472000","2021-05-07 13:14:14.018791"
761,0000A4A4D3C27979,1,"2021-05-07 13:14:12.541000","2021-05-07 13:14:14.028607"
762,000D6F000BCB882A,1,"2021-05-07 13:14:25.171000","2021-05-07 13:14:26.139571"
763,0000A4A4D3C27979,1,"2021-05-07 13:14:25.581000","2021-05-07 13:14:26.142233"
764,0000A4A4D3C27979,1,"2021-05-07 13:16:14.801000","2021-05-07 13:16:16.321568"
765,000D6F000BCB882A,1,"2021-05-07 13:16:17.911000","2021-05-07 13:16:19.362948"
766,000D6F000BCB882A,1,"2021-05-07 13:17:26.351000","2021-05-07 13:17:28.080071"
767,000D6F000BCB882A,1,"2021-05-07 13:24:35.911000","2021-05-07 13:24:37.526102"
768,0000A4A4D3C27979,1,"2021-05-07 13:24:48.012000","2021-05-07 13:24:49.674995"
769,000D6F000BCB882A,1,"2021-05-07 13:24:48.031000","2021-05-07 13:24:49.679300"
770,000D6F000BCB882A,1,"2021-05-07 13:26:52.675000","2021-05-07 13:26:53.970159"
771,000D6F000BCB882A,1,"2021-05-07 13:27:04.772000","2021-05-07 13:27:06.108223"
772,0000A4A4D3C27979,1,"2021-05-07 13:27:05.161000","2021-05-07 13:27:06.108733"
773,000D6F000BCB882A,1,"2021-05-07 13:27:16.612000","2021-05-07 13:27:18.268010"
774,0000A4A4D3C27979,1,"2021-05-07 13:27:29.012000","2021-05-07 13:27:30.396317"
775,000D6F000BCB882A,1,"2021-05-07 13:27:28.601000","2021-05-07 13:27:30.396799"
776,0000A4A4D3C27979,1,"2021-05-07 13:27:40.922000","2021-05-07 13:27:42.536252"
777,000D6F000BCB882A,1,"2021-05-07 13:27:40.552000","2021-05-07 13:27:42.536595"
778,000D6F000BCB882A,1,"2021-05-07 13:27:52.816000","2021-05-07 13:27:54.668203"
779,0000A4A4D3C27979,1,"2021-05-07 13:27:53.159000","2021-05-07 13:27:54.671791"
780,000D6F000BCB882A,1,"2021-05-07 13:28:05.951000","2021-05-07 13:28:07.821065"
781,0000A4A4D3C27979,1,"2021-05-07 13:28:06.342000","2021-05-07 13:28:07.828321"
782,0000A4A4D3C27979,1,"2021-05-07 13:30:11.142000","2021-05-07 13:30:12.125973"
783,000D6F000BCB882A,1,"2021-05-07 13:30:10.791000","2021-05-07 13:30:12.128601"
784,000D6F000BCB882A,1,"2021-05-07 13:30:22.655000","2021-05-07 13:30:23.267151"
785,0000A4A4D3C27979,1,"2021-05-07 13:30:23.072000","2021-05-07 13:30:24.292470"
786,000D6F000BCB882A,1,"2021-05-07 13:30:34.540000","2021-05-07 13:30:35.422419"
787,0000A4A4D3C27979,1,"2021-05-07 13:30:34.922000","2021-05-07 13:30:35.431339"
788,000D6F000BCB882A,1,"2021-05-07 13:30:47.001000","2021-05-07 13:30:47.559740"
789,0000A4A4D3C27979,1,"2021-05-07 13:30:47.352000","2021-05-07 13:30:48.595770"
790,0000A4A4D3C27979,1,"2021-05-07 13:30:59.532000","2021-05-07 13:31:00.738902"
791,000D6F000BCB882A,1,"2021-05-07 13:30:59.311000","2021-05-07 13:31:00.739362"
792,0000A4A4D3C27979,1,"2021-05-07 13:31:11.442000","2021-05-07 13:31:11.861252"
793,000D6F000BCB882A,1,"2021-05-07 13:31:11.051000","2021-05-07 13:31:11.861622"
794,000D6F000BCB882A,1,"2021-05-07 13:31:22.941000","2021-05-07 13:31:25.018969"
795,000D6F000BCB882A,1,"2021-05-07 13:31:34.832000","2021-05-07 13:31:36.152534"
796,0000A4A4D3C27979,1,"2021-05-07 13:31:35.201000","2021-05-07 13:31:36.158592"
797,000D6F000BCB882A,1,"2021-05-07 13:31:47.792000","2021-05-07 13:31:48.294722"
798,0000A4A4D3C27979,1,"2021-05-07 13:31:48.192000","2021-05-07 13:31:49.310881"
799,000D6F000BCB882A,1,"2021-05-07 13:32:01.342000","2021-05-07 13:32:02.469477"
800,000D6F000BCB882A,1,"2021-05-07 13:32:13.442000","2021-05-07 13:32:14.617461"
801,0000A4A4D3C27979,1,"2021-05-07 13:32:13.852000","2021-05-07 13:32:14.621323"
802,0000A4A4D3C27979,1,"2021-05-07 13:32:25.962000","2021-05-07 13:32:26.768296"
803,000D6F000BCB882A,1,"2021-05-07 13:32:25.561000","2021-05-07 13:32:26.771645"
804,0000A4A4D3C27979,1,"2021-05-07 13:32:38.374000","2021-05-07 13:32:39.914313"
805,000D6F000BCB882A,1,"2021-05-07 13:32:37.981000","2021-05-07 13:32:39.916425"
806,000D6F000BCB882A,1,"2021-05-07 13:32:50.581000","2021-05-07 13:32:52.055967"
807,000D6F000BCB882A,1,"2021-05-07 13:33:02.552000","2021-05-07 13:33:04.188472"
808,0000A4A4D3C27979,1,"2021-05-07 13:33:02.772000","2021-05-07 13:33:04.193541"
809,000D6F000BCB882A,1,"2021-05-07 13:34:55.891000","2021-05-07 13:34:57.394410"
810,000D6F000BCB882A,1,"2021-05-07 13:36:04.331000","2021-05-07 13:36:06.117581"
811,000D6F000BCB882A,1,"2021-05-07 13:38:28.681000","2021-05-07 13:38:30.644098"
812,0000A4A4D3C27979,1,"2021-05-07 13:38:29.022000","2021-05-07 13:38:30.653974"
813,000D6F000BCB882A,1,"2021-05-07 13:38:41.582000","2021-05-07 13:38:43.788042"
814,000D6F000BCB882A,1,"2021-05-07 13:38:53.721000","2021-05-07 13:38:54.908861"
815,0000A4A4D3C27979,1,"2021-05-07 13:38:54.131000","2021-05-07 13:38:54.911230"
816,000D6F000BCB882A,1,"2021-05-07 13:40:46.451000","2021-05-07 13:40:48.111968"
817,000D6F000BCB882A,1,"2021-05-07 13:41:54.891000","2021-05-07 13:41:56.825501"
818,000D6F000BCB882A,0,"2021-05-07 13:48:52.951000","2021-05-07 13:48:54.120556"
819,0000A4A4D3C27979,0,"2021-05-07 13:51:40.911000","2021-05-07 13:51:42.870865"
820,0000A4A4D3C27979,0,"2021-05-07 13:51:52.892000","2021-05-07 13:51:54.010416"
821,0000A4A4D3C27979,0,"2021-05-07 13:52:05.762000","2021-05-07 13:52:06.159354"
822,0000A4A4D3C27979,0,"2021-05-07 13:52:18.061000","2021-05-07 13:52:19.302701"
823,0000A4A4D3C27979,0,"2021-05-07 13:53:30.292000","2021-05-07 13:53:32.088262"
824,0000A4A4D3C27979,0,"2021-05-07 13:53:42.155000","2021-05-07 13:53:44.215755"
825,0000A4A4D3C27979,0,"2021-05-07 13:53:54.071000","2021-05-07 13:53:55.343604"
826,0000A4A4D3C27979,0,"2021-05-07 13:54:05.991000","2021-05-07 13:54:07.486549"
827,0000A4A4D3C27979,0,"2021-05-07 13:54:17.962000","2021-05-07 13:54:19.621217"
828,0000A4A4D3C27979,0,"2021-05-07 13:54:29.792000","2021-05-07 13:54:31.760326"
829,0000A4A4D3C27979,0,"2021-05-07 13:54:42.405000","2021-05-07 13:54:44.920057"
830,0000A4A4D3C27979,0,"2021-05-07 13:54:54.672000","2021-05-07 13:54:56.043595"
831,0000A4A4D3C27979,0,"2021-05-07 13:55:06.681000","2021-05-07 13:55:07.177653"
832,0000A4A4D3C27979,0,"2021-05-07 13:55:31.655000","2021-05-07 13:55:33.475827"
833,0000A4A4D3C27979,0,"2021-05-07 13:55:43.912000","2021-05-07 13:55:45.609100"
834,0000A4A4D3C27979,0,"2021-05-07 13:55:56.051000","2021-05-07 13:55:57.740834"
835,0000A4A4D3C27979,0,"2021-05-07 13:56:08.692000","2021-05-07 13:56:09.894435"
836,0000A4A4D3C27979,0,"2021-05-07 13:57:22.132000","2021-05-07 13:57:23.659386"
837,0000A4A4D3C27979,0,"2021-05-07 13:57:34.262000","2021-05-07 13:57:35.804594"
838,0000A4A4D3C27979,0,"2021-05-07 13:57:46.261000","2021-05-07 13:57:47.934346"
839,0000A4A4D3C27979,0,"2021-05-07 13:57:58.212000","2021-05-07 13:57:59.072522"
840,000D6F000BCB882A,0,"2021-05-07 13:59:50.463000","2021-05-07 13:59:52.277532"
841,0000A4A4D3C27979,0,"2021-05-07 14:01:02.522000","2021-05-07 14:01:04.014913"
842,0000A4A4D3C27979,0,"2021-05-07 14:01:15.591000","2021-05-07 14:01:17.169207"
843,0000A4A4D3C27979,0,"2021-05-07 14:01:28.141000","2021-05-07 14:01:29.308868"
844,0000A4A4D3C27979,0,"2021-05-07 14:01:40.318000","2021-05-07 14:01:41.451758"
845,0000A4A4D3C27979,1,"2021-05-07 14:03:29.601000","2021-05-07 14:03:31.587201"
846,000D6F000BCB882A,0,"2021-05-07 14:03:32.711000","2021-05-07 14:03:34.637342"
847,0000A4A4D3C27979,0,"2021-05-07 14:04:44.905000","2021-05-07 14:04:46.399605"
848,0000A4A4D3C27979,0,"2021-05-07 14:05:08.892000","2021-05-07 14:05:09.656876"
849,0000A4A4D3C27979,0,"2021-05-07 14:05:20.871000","2021-05-07 14:05:22.809337"
850,0000A4A4D3C27979,0,"2021-05-07 14:05:46.211000","2021-05-07 14:05:47.085446"
851,0000A4A4D3C27979,0,"2021-05-07 14:06:11.113000","2021-05-07 14:06:12.352723"
852,0000A4A4D3C27979,0,"2021-05-07 14:06:23.164000","2021-05-07 14:06:24.529979"
853,0000A4A4D3C27979,0,"2021-05-07 14:06:35.273000","2021-05-07 14:06:36.646834"
854,0000A4A4D3C27979,0,"2021-05-07 14:06:48.633000","2021-05-07 14:06:49.803871"
855,0000A4A4D3C27979,0,"2021-05-07 14:07:01.223000","2021-05-07 14:07:02.953499"
856,0000A4A4D3C27979,0,"2021-05-07 14:07:25.372000","2021-05-07 14:07:27.234956"
857,0000A4A4D3C27979,0,"2021-05-07 14:09:27.031000","2021-05-07 14:09:28.485530"
858,0000A4A4D3C27979,0,"2021-05-07 14:09:39.212000","2021-05-07 14:09:40.644521"
859,0000A4A4D3C27979,0,"2021-05-07 14:09:51.281000","2021-05-07 14:09:52.751064"
860,0000A4A4D3C27979,0,"2021-05-07 14:10:03.261000","2021-05-07 14:10:03.904445"
861,0000A4A4D3C27979,0,"2021-05-07 14:10:15.131000","2021-05-07 14:10:17.049504"
862,0000A4A4D3C27979,0,"2021-05-07 14:10:28.272000","2021-05-07 14:10:30.195090"
863,0000A4A4D3C27979,0,"2021-05-07 14:10:41.322000","2021-05-07 14:10:43.343339"
864,0000A4A4D3C27979,0,"2021-05-07 14:11:06.331000","2021-05-07 14:11:07.612819"
865,0000A4A4D3C27979,0,"2021-05-07 14:11:18.522000","2021-05-07 14:11:19.754104"
866,0000A4A4D3C27979,0,"2021-05-07 14:11:30.688000","2021-05-07 14:11:31.908860"
867,0000A4A4D3C27979,0,"2021-05-07 14:12:06.990000","2021-05-07 14:12:08.328898"
868,0000A4A4D3C27979,0,"2021-05-07 14:14:09.151000","2021-05-07 14:14:10.590810"
869,0000A4A4D3C27979,0,"2021-05-07 14:14:45.451000","2021-05-07 14:14:46.978345"
870,0000A4A4D3C27979,0,"2021-05-07 14:15:10.962000","2021-05-07 14:15:12.270042"
871,0000A4A4D3C27979,0,"2021-05-07 14:15:23.972000","2021-05-07 14:15:25.408719"
872,0000A4A4D3C27979,0,"2021-05-07 14:15:35.925000","2021-05-07 14:15:37.557225"
873,0000A4A4D3C27979,0,"2021-05-07 14:15:47.832000","2021-05-07 14:15:49.685484"
874,0000A4A4D3C27979,0,"2021-05-07 14:15:59.801000","2021-05-07 14:16:01.831064"
875,0000A4A4D3C27979,0,"2021-05-07 14:16:11.891000","2021-05-07 14:16:13.961489"
876,0000A4A4D3C27979,0,"2021-05-07 14:16:24.142000","2021-05-07 14:16:26.115497"
877,0000A4A4D3C27979,0,"2021-05-07 14:16:49.031000","2021-05-07 14:16:50.366837"
878,0000A4A4D3C27979,0,"2021-05-07 14:17:01.061000","2021-05-07 14:17:02.509510"
879,0000A4A4D3C27979,0,"2021-05-07 14:17:13.071000","2021-05-07 14:17:14.639739"
880,0000A4A4D3C27979,0,"2021-05-07 14:17:25.061000","2021-05-07 14:17:26.779977"
881,0000A4A4D3C27979,0,"2021-05-07 14:17:37.531000","2021-05-07 14:17:38.910677"
882,0000A4A4D3C27979,0,"2021-05-07 14:18:15.682000","2021-05-07 14:18:17.328156"
883,000D6F000BCB882A,0,"2021-05-07 14:20:08.311000","2021-05-07 14:20:10.541117"
884,0000A4A4D3C27979,0,"2021-05-07 14:31:21.702000","2021-05-07 14:31:23.498241"
885,0000A4A4D3C27979,0,"2021-05-07 14:31:34.941000","2021-05-07 14:31:36.638226"
886,0000A4A4D3C27979,0,"2021-05-07 14:31:47.031000","2021-05-07 14:31:48.790845"
887,0000A4A4D3C27979,0,"2021-05-07 14:31:59.042000","2021-05-07 14:32:00.933204"
888,0000A4A4D3C27979,0,"2021-05-07 14:33:11.791000","2021-05-07 14:33:12.676811"
889,0000A4A4D3C27979,0,"2021-05-07 14:33:24.071000","2021-05-07 14:33:25.823731"
890,0000A4A4D3C27979,0,"2021-05-07 14:35:26.051000","2021-05-07 14:35:28.115536"
891,0000A4A4D3C27979,0,"2021-05-07 14:37:46.782000","2021-05-07 14:37:48.606140"
892,0000A4A4D3C27979,0,"2021-05-07 14:38:03.641000","2021-05-07 14:38:04.791541"
893,0000A4A4D3C27979,0,"2021-05-07 14:38:15.782000","2021-05-07 14:38:16.945713"
894,0000A4A4D3C27979,0,"2021-05-07 14:38:39.811000","2021-05-07 14:38:41.211345"
895,0000A4A4D3C27979,0,"2021-05-07 14:39:30.152000","2021-05-07 14:39:31.747284"
896,0000A4A4D3C27979,0,"2021-05-07 14:39:42.162000","2021-05-07 14:39:43.870229"
897,0000A4A4D3C27979,0,"2021-05-07 14:39:54.122000","2021-05-07 14:39:56.010395"
898,0000A4A4D3C27979,0,"2021-05-07 14:40:06.182000","2021-05-07 14:40:08.156960"
899,0000A4A4D3C27979,0,"2021-05-07 14:40:31.872000","2021-05-07 14:40:33.436254"
900,0000A4A4D3C27979,1,"2021-05-07 14:42:23.511000","2021-05-07 14:42:25.592610"
901,000D6F000BCB882A,0,"2021-05-07 14:42:26.621000","2021-05-07 14:42:28.647606"
902,0000A4A4D3C27979,0,"2021-05-07 14:43:38.871000","2021-05-07 14:43:40.410004"
903,0000A4A4D3C27979,1,"2021-05-07 14:45:28.371000","2021-05-07 14:45:29.548346"
904,000D6F000BCB882A,0,"2021-05-07 14:45:31.481000","2021-05-07 14:45:32.601042"
905,0000A4A4D3C27979,0,"2021-05-07 14:47:09.581000","2021-05-07 14:47:11.617391"
906,0000A4A4D3C27979,0,"2021-05-07 14:48:23.122000","2021-05-07 14:48:24.386428"
907,0000A4A4D3C27979,0,"2021-05-07 14:49:48.124000","2021-05-07 14:49:49.286732"
908,0000A4A4D3C27979,0,"2021-05-07 14:50:00.621000","2021-05-07 14:50:02.435704"
909,0000A4A4D3C27979,0,"2021-05-07 14:50:12.962000","2021-05-07 14:50:14.583506"
910,0000A4A4D3C27979,0,"2021-05-07 14:50:25.431000","2021-05-07 14:50:26.715300"
911,0000A4A4D3C27979,0,"2021-05-07 14:50:50.161000","2021-05-07 14:50:51.974914"
912,0000A4A4D3C27979,0,"2021-05-07 14:51:02.102000","2021-05-07 14:51:04.126372"
913,000D6F000BCB882A,0,"2021-05-07 14:52:56.051000","2021-05-07 14:52:58.346032"
914,0000A4A4D3C27979,0,"2021-05-07 14:54:32.532000","2021-05-07 14:54:34.325684"
915,0000A4A4D3C27979,0,"2021-05-07 14:54:57.942000","2021-05-07 14:54:59.609094"
916,0000A4A4D3C27979,0,"2021-05-07 14:55:23.122000","2021-05-07 14:55:24.876824"
917,0000A4A4D3C27979,0,"2021-05-07 14:55:36.142000","2021-05-07 14:55:38.024794"
918,0000A4A4D3C27979,0,"2021-05-07 14:55:48.351000","2021-05-07 14:55:50.159375"
919,0000A4A4D3C27979,0,"2021-05-07 14:56:13.482000","2021-05-07 14:56:15.478413"
920,0000A4A4D3C27979,0,"2021-05-07 14:56:38.675000","2021-05-07 14:56:40.749520"
921,0000A4A4D3C27979,0,"2021-05-07 14:57:02.751000","2021-05-07 14:57:04.014710"
922,0000A4A4D3C27979,0,"2021-05-07 14:57:14.741000","2021-05-07 14:57:16.152995"
923,0000A4A4D3C27979,0,"2021-05-07 14:57:26.861000","2021-05-07 14:57:28.300536"
924,000D6F000BCB882A,0,"2021-05-07 14:59:21.602000","2021-05-07 14:59:23.519948"
925,0000A4A4D3C27979,0,"2021-05-07 15:08:47.971000","2021-05-07 15:08:49.366343"
926,0000A4A4D3C27979,0,"2021-05-07 15:11:01.291000","2021-05-07 15:11:03.754570"
927,0000A4A4D3C27979,0,"2021-05-07 15:11:39.171000","2021-05-07 15:11:41.145168"
928,0000A4A4D3C27979,0,"2021-05-07 15:11:52.251000","2021-05-07 15:11:54.297561"
929,0000A4A4D3C27979,0,"2021-05-07 15:12:04.222000","2021-05-07 15:12:05.423587"
930,0000A4A4D3C27979,0,"2021-05-07 15:12:16.272000","2021-05-07 15:12:17.571234"
931,0000A4A4D3C27979,0,"2021-05-07 15:12:29.812000","2021-05-07 15:12:31.721777"
932,0000A4A4D3C27979,0,"2021-05-07 15:12:43.431000","2021-05-07 15:12:44.881994"
933,0000A4A4D3C27979,0,"2021-05-07 15:12:55.661000","2021-05-07 15:12:57.018775"
934,0000A4A4D3C27979,0,"2021-05-07 15:13:07.712000","2021-05-07 15:13:09.145149"
935,0000A4A4D3C27979,0,"2021-05-07 15:13:32.712000","2021-05-07 15:13:34.425502"
936,0000A4A4D3C27979,0,"2021-05-07 15:13:44.801000","2021-05-07 15:13:46.573367"
937,0000A4A4D3C27979,0,"2021-05-07 15:13:57.681000","2021-05-07 15:13:59.714669"
938,0000A4A4D3C27979,0,"2021-05-07 15:14:10.212000","2021-05-07 15:14:11.862530"
939,0000A4A4D3C27979,0,"2021-05-07 15:14:34.381000","2021-05-07 15:14:36.113036"
940,0000A4A4D3C27979,0,"2021-05-07 15:14:46.313000","2021-05-07 15:14:48.253554"
941,0000A4A4D3C27979,0,"2021-05-07 15:14:58.361000","2021-05-07 15:14:59.383804"
942,0000A4A4D3C27979,0,"2021-05-07 15:15:10.462000","2021-05-07 15:15:12.530400"
943,000D6F000BCB882A,0,"2021-05-07 15:17:02.891000","2021-05-07 15:17:04.697696"
944,0000A4A4D3C27979,0,"2021-05-07 15:22:27.551000","2021-05-07 15:22:29.066848"
945,0000A4A4D3C27979,0,"2021-05-07 15:22:39.611000","2021-05-07 15:22:41.205551"
946,0000A4A4D3C27979,0,"2021-05-07 15:22:51.711000","2021-05-07 15:22:53.344920"
947,0000A4A4D3C27979,0,"2021-05-07 15:23:03.741000","2021-05-07 15:23:05.479133"
948,0000A4A4D3C27979,0,"2021-05-07 15:23:16.802000","2021-05-07 15:23:18.627864"
949,0000A4A4D3C27979,0,"2021-05-07 15:23:30.161000","2021-05-07 15:23:31.817469"
950,0000A4A4D3C27979,0,"2021-05-07 15:23:43.312000","2021-05-07 15:23:44.933888"
951,0000A4A4D3C27979,0,"2021-05-07 15:23:55.381000","2021-05-07 15:23:57.084477"
952,0000A4A4D3C27979,0,"2021-05-07 15:24:07.502000","2021-05-07 15:24:09.222176"
953,0000A4A4D3C27979,0,"2021-05-07 15:24:19.812000","2021-05-07 15:24:21.364960"
954,000D6F000BCB882A,0,"2021-05-07 15:26:14.695000","2021-05-07 15:26:16.554488"
955,0000A4A4D3C27979,0,"2021-05-07 15:27:27.152000","2021-05-07 15:27:28.308631"
956,0000A4A4D3C27979,0,"2021-05-07 15:27:39.362000","2021-05-07 15:27:41.454436"
957,0000A4A4D3C27979,0,"2021-05-07 15:28:15.911000","2021-05-07 15:28:17.845505"
958,0000A4A4D3C27979,0,"2021-05-07 15:28:28.672000","2021-05-07 15:28:30.001328"
959,0000A4A4D3C27979,0,"2021-05-07 15:28:41.232000","2021-05-07 15:28:43.136507"
960,0000A4A4D3C27979,0,"2021-05-07 15:29:06.571000","2021-05-07 15:29:08.418412"
961,0000A4A4D3C27979,0,"2021-05-07 15:29:19.212000","2021-05-07 15:29:20.555854"
962,0000A4A4D3C27979,0,"2021-05-07 15:29:31.302000","2021-05-07 15:29:32.713600"
963,0000A4A4D3C27979,0,"2021-05-07 15:29:43.451000","2021-05-07 15:29:44.848444"
964,0000A4A4D3C27979,0,"2021-05-07 15:30:32.131000","2021-05-07 15:30:33.353843"
965,0000A4A4D3C27979,0,"2021-05-07 15:30:44.251000","2021-05-07 15:30:45.516964"
966,0000A4A4D3C27979,0,"2021-05-07 15:30:56.311000","2021-05-07 15:30:57.652259"
967,0000A4A4D3C27979,0,"2021-05-07 15:32:21.981000","2021-05-07 15:32:23.560263"
968,0000A4A4D3C27979,0,"2021-05-07 16:57:26.132000","2021-05-07 16:57:28.266141"
969,0000FFFFFFFFFFFF,1,"2021-05-07 21:59:50.908000","2021-05-07 21:59:52.038809"
970,000D6F000C389CF0,1,"2021-05-07 21:59:50.248000","2021-05-07 21:59:52.044018"
971,0000FFFFFFFFFFFF,1,"2021-05-07 21:59:52.148000","2021-05-07 21:59:54.062158"
972,0000FFFFFFFFFFFF,1,"2021-05-07 21:59:53.388000","2021-05-07 21:59:55.095593"
973,0000FFFFFFFFFFFF,1,"2021-05-07 21:59:54.628000","2021-05-07 21:59:57.128389"
974,0000FFFFFFFFFFFF,1,"2021-05-07 21:59:55.868000","2021-05-07 21:59:58.156997"
975,0000FFFFFFFFFFFF,1,"2021-05-07 21:59:57.108000","2021-05-07 21:59:59.178573"
976,0000FFFFFFFFFFFF,1,"2021-05-07 21:59:58.368000","2021-05-07 22:00:00.201921"
977,0000FFFFFFFFFFFF,1,"2021-05-07 21:59:59.608000","2021-05-07 22:00:02.244126"
978,0000FFFFFFFFFFFF,1,"2021-05-07 22:00:00.848000","2021-05-07 22:00:03.250500"
979,0000FFFFFFFFFFFF,0,"2021-05-07 22:00:46.228000","2021-05-07 22:00:48.768588"
980,000D6F000C389CF0,0,"2021-05-07 22:00:46.308000","2021-05-07 22:00:48.768855"
981,00158D0003625602,0,"2021-05-07 22:00:48.408000","2021-05-07 22:00:50.796724"
982,04CF8CDF3C8664E8,0,"2021-05-07 22:00:50.498000","2021-05-07 22:00:52.855589"
983,04CF8CDF3C86661A,0,"2021-05-07 22:00:52.588000","2021-05-07 22:00:54.883678"
984,04CF8CDF3C866A17,0,"2021-05-07 22:00:54.688000","2021-05-07 22:00:56.921148"
985,00158D000362783A,0,"2021-05-07 22:00:56.788000","2021-05-07 22:00:58.954295"
986,04CF8CDF3C866B41,0,"2021-05-07 22:00:58.878000","2021-05-07 22:01:01.992192"
987,04CF8CDF3C867057,0,"2021-05-07 22:01:00.968000","2021-05-07 22:01:04.020171"
988,00158D000362DBF1,0,"2021-05-07 22:01:03.058000","2021-05-07 22:01:05.056446"
989,000D6F000C389CF0,1,"2021-05-07 22:03:01.538000","2021-05-07 22:03:03.295455"
990,0000FFFFFFFFFFFF,1,"2021-05-07 22:06:16.668000","2021-05-07 22:06:18.329255"
991,000D6F000C389CF0,1,"2021-05-07 22:06:16.748000","2021-05-07 22:06:18.334627"
992,00158D0003625602,1,"2021-05-07 22:06:18.839000","2021-05-07 22:06:21.371258"
993,04CF8CDF3C8664E8,1,"2021-05-07 22:06:20.931000","2021-05-07 22:06:23.401473"
994,04CF8CDF3C86661A,1,"2021-05-07 22:06:23.030000","2021-05-07 22:06:24.421058"
995,04CF8CDF3C866A17,1,"2021-05-07 22:06:25.138000","2021-05-07 22:06:27.463222"
996,00158D000362783A,1,"2021-05-07 22:06:27.230000","2021-05-07 22:06:29.506843"
997,04CF8CDF3C866B41,1,"2021-05-07 22:06:29.328000","2021-05-07 22:06:31.548817"
998,04CF8CDF3C867057,1,"2021-05-07 22:06:31.418000","2021-05-07 22:06:33.578377"
999,00158D000362DBF1,1,"2021-05-07 22:06:33.508000","2021-05-07 22:06:35.605141"
1000,0000FFFFFFFFFFFF,1,"2021-05-07 22:06:35.608000","2021-05-07 22:06:37.657587"
