id,mac,event_type,property_name,value,timestamp,created,gateway_id,notify
1,DEVICEEVENTMAC-1,motion,state,1,"2021-05-03 21:01:47.000000","2021-05-04 12:27:41.577623",,0
2,DEVICEEVENT1122-1,motion,state,1,"2021-05-03 21:01:47.000000","2021-05-04 16:53:51.604807",,0
3,<mac999>,Light,state,1,"2021-05-02 15:34:17.000000","2021-05-04 17:01:09.359101",,0
4,MYDEVICEMAC,motion,state,1,"2021-05-03 21:01:47.000000","2021-05-05 18:59:04.888869",,0
5,MYDEVICEMAC,motion,state,0,"2021-05-03 21:01:47.000000","2021-05-05 19:05:09.671367",,0
6,MYDEVICEMAC,motion,state,1,"2021-05-03 21:01:47.000000","2021-05-05 19:05:49.635859",,0
7,MYDEVICEMAC,motion,state,0,"2021-05-03 21:01:47.000000","2021-05-05 19:08:01.295642",,0
8,test_mac,<event_type>,state,1,"2021-05-04 12:08:45.441000","2021-05-05 19:25:43.013609",,1
9,test_mac,ight,state,0,"2021-05-05 13:58:00.000000","2021-05-05 19:28:22.414191",,1
10,test_mac,battery,voltage,90,"2021-05-05 13:58:00.000000","2021-05-05 19:31:03.904735",,1
11,test_mac,battery,voltage,90,"2021-05-05 14:14:40.000000","2021-05-05 19:31:23.491374",,1
12,test_mac,battery,voltage,90,"2021-05-05 14:14:40.000000","2021-05-05 19:36:23.516017",,1
13,test_mac,battery,battery,90,"2021-05-05 14:14:40.000000","2021-05-05 19:36:31.085937",,1
14,test_mac,battery,battery,40,"2021-05-05 19:00:00.000000","2021-05-05 19:40:48.120614",,1
15,test_mac,battery,percentage,60,"2021-05-05 19:00:00.000000","2021-05-05 19:42:19.822354",,1
16,test_mac,battery,percentage,60,"2021-05-06 22:46:40.000000","2021-05-05 19:42:56.225410",,1
17,test_mac1,motion,state,1,"2021-05-06 22:46:40.000000","2021-05-05 19:43:58.886407",,1
18,000D6F00000D6F00,battery,battery,40,"2021-05-05 19:00:00.000000","2021-05-05 21:05:33.691320",,1
19,000D6F00000D6F00,battery,voltage,40,"2021-05-05 19:00:00.000000","2021-05-05 21:06:27.138325",,1
20,000D6F00000D6F00,light,state,1,"2021-05-05 19:00:00.000000","2021-05-05 21:06:55.545083",,1
21,000D6F00000D6F00,battery,percentage,60,"2021-05-05 19:00:00.000000","2021-05-05 21:07:38.704457",,0
22,000D6F00000D6F00,battery,percentage,70,"2021-05-05 21:00:00.000000","2021-05-05 21:09:17.872037",,0
23,000D6F00000D6F00,battery,voltage,10,"2021-05-05 21:00:00.000000","2021-05-05 21:09:25.724689",,0
24,000D6F00000D6F00,light,state,1,"2021-05-05 21:00:00.000000","2021-05-05 21:09:40.212524",,1
25,000D6F00000D6F00,light,state,1,"2021-05-05 22:00:40.000000","2021-05-05 22:42:16.320085",,1
26,000D6F00000D6F00,light,state,0,"2021-05-05 22:00:40.000000","2021-05-05 22:48:08.036049",,1
27,000D6F00000D6F00,light,state,1,"2021-05-05 22:00:40.000000","2021-05-05 22:57:05.426643",,1
28,000D6F00000D6F00,light,state,1,"2021-05-05 22:00:40.000000","2021-05-05 22:58:00.107889",,1
29,000D6F00000D6F00,light,state,1,"2021-05-05 22:00:40.000000","2021-05-05 22:59:25.579709",,1
30,test_mac1,light,state,1,"2021-05-05 23:30:40.000000","2021-05-06 00:03:04.956455",,1
31,test_mac1,light,state,0,"2021-05-05 23:30:40.000000","2021-05-06 00:03:14.174605",,1
32,test_mac1,battery,percentage,85,"2021-05-05 23:30:40.000000","2021-05-06 00:03:34.736904",,1
33,test_mac1,battery,voltage,85,"2021-05-05 23:30:40.000000","2021-05-06 00:03:43.069951",,1
34,test_mac2,battery,voltage,85,"2021-05-06 09:00:32.000000","2021-05-06 10:45:49.798447",,1
35,test_mac2,light,state,0,"2021-05-06 09:00:32.000000","2021-05-06 10:46:04.388226",,1
36,00124B000722DCB8,powerMetering,apparentPower,0,"2021-05-06 23:13:01.066000","2021-05-06 23:13:03.094906",,0
37,00124B000722DCB8,powerMetering,activePower,0,"2021-05-06 23:13:01.186000","2021-05-06 23:13:03.102889",,0
38,00124B000722DCB8,powerMetering,rmsCurrent,0,"2021-05-06 23:13:01.296000","2021-05-06 23:13:03.108507",,0
39,00124B000722DCB8,powerMetering,voltage,237,"2021-05-06 23:41:15.197000","2021-05-06 23:41:17.108452",,0
40,00124B000722DCB8,powerMetering,powerFactor,0,"2021-05-06 23:42:32.186000","2021-05-06 23:42:33.913935",,0
41,00124B000722DCB8,powerMetering,activePower,0,"2021-05-06 23:43:01.266000","2021-05-06 23:43:03.244428",,0
42,00124B000722DCB8,powerMetering,apparentPower,0,"2021-05-06 23:43:01.186000","2021-05-06 23:43:03.253208",,0
43,00124B000722DCB8,powerMetering,rmsCurrent,0,"2021-05-06 23:43:01.349000","2021-05-06 23:43:03.256175",,0
44,04CF8CDF3C866A17,battery,Voltage,31,"2021-05-07 12:14:03.108000","2021-05-07 12:14:05.426366",,0
45,0001JIOLIGHT,light,state,1,"2021-05-04 12:08:45.441000","2021-05-07 13:45:52.603952",,1
46,0001JIOLIGHT,light,state,0,"2021-05-04 12:08:45.441000","2021-05-07 13:46:28.501799",,1
47,0001JIOLIGHT,light,state,1,"2021-05-07 13:00:00.000000","2021-05-07 13:52:26.563926",,1
48,0001JIOLIGHT,light,percentage,15,"2021-05-04 12:08:45.441000","2021-05-07 16:47:22.190756",,0
49,00158D0003625602,battery,Percenatage,92,"2021-05-07 19:28:04.048000","2021-05-07 19:28:05.030416",,0
50,04CF8CDF3C8664E8,battery,Voltage,30,"2021-05-07 19:43:27.698000","2021-05-07 19:43:30.029808",,0
51,04CF8CDF3C866B41,battery,Voltage,30,"2021-05-07 19:46:08.518000","2021-05-07 19:46:10.769698",,0
52,04CF8CDF3C86661A,battery,Voltage,31,"2021-05-07 19:52:18.409000","2021-05-07 19:52:20.849954",,0
53,04CF8CDF3C866A17,battery,Voltage,31,"2021-05-07 19:54:27.350000","2021-05-07 19:54:29.254970",,0
54,00158D0003625602,battery,Percenatage,92,"2021-05-07 19:58:08.988000","2021-05-07 19:58:10.623831",,0
55,00158D000362783A,battery,Percenatage,90,"2021-05-07 20:01:16.468000","2021-05-07 20:01:18.658180",,0
56,04CF8CDF3C8664E8,battery,Voltage,30,"2021-05-07 20:13:20.028000","2021-05-07 20:13:21.727115",,0
57,04CF8CDF3C866B41,battery,Voltage,30,"2021-05-07 20:16:13.568000","2021-05-07 20:16:15.588190",,0
58,04CF8CDF3C86661A,battery,Voltage,31,"2021-05-07 20:22:09.278000","2021-05-07 20:22:11.367187",,0
59,04CF8CDF3C866A17,battery,Voltage,31,"2021-05-07 20:23:29.318000","2021-05-07 20:23:31.224155",,0
60,00158D0003625602,battery,Percenatage,92,"2021-05-07 20:28:15.661000","2021-05-07 20:28:17.274813",,0
61,04CF8CDF3C8664E8,battery,Voltage,29,"2021-05-07 20:28:21.038000","2021-05-07 20:28:23.327339",,0
62,00158D000362783A,battery,Percenatage,92,"2021-05-07 20:31:18.248000","2021-05-07 20:31:20.321417",,0
63,04CF8CDF3C866B41,temperature,value,30,"2021-05-07 20:34:01.008000","2021-05-07 20:34:03.043224",,0
64,04CF8CDF3C86661A,battery,Voltage,30,"2021-05-07 20:37:09.688000","2021-05-07 20:37:12.069590",,0
65,04CF8CDF3C866B41,battery,Voltage,31,"2021-05-07 20:40:25.688000","2021-05-07 20:40:28.149395",,0
66,04CF8CDF3C866A17,battery,Voltage,31,"2021-05-07 20:52:31.348000","2021-05-07 20:52:33.169046",,0
67,04CF8CDF3C866B41,temperature,value,26,"2021-05-07 20:54:24.908000","2021-05-07 20:56:03.963955",,0
68,04CF8CDF3C8664E8,battery,Voltage,29,"2021-05-07 20:58:13.208000","2021-05-07 20:58:15.143733",,0
69,00158D0003625602,battery,Percenatage,92,"2021-05-07 20:58:18.891000","2021-05-07 20:58:21.212622",,0
70,00158D000362783A,battery,Percenatage,92,"2021-05-07 21:01:18.718000","2021-05-07 21:01:21.303645",,0
71,04CF8CDF3C86661A,battery,Voltage,30,"2021-05-07 21:07:00.718000","2021-05-07 21:07:02.974495",,0
72,04CF8CDF3C866B41,battery,Voltage,31,"2021-05-07 21:10:29.508000","2021-05-07 21:10:31.208655",,0
73,04CF8CDF3C8664E8,battery,Voltage,31,"2021-05-07 21:13:12.328000","2021-05-07 21:13:13.964516",,0
74,04CF8CDF3C866A17,battery,Voltage,31,"2021-05-07 21:21:33.508000","2021-05-07 21:21:35.348130",,0
75,04CF8CDF3C86661A,battery,Voltage,31,"2021-05-07 21:21:59.228000","2021-05-07 21:22:01.647564",,0
76,00158D0003625602,battery,Percenatage,90,"2021-05-07 21:28:25.032000","2021-05-07 21:28:26.854843",,0
77,00158D000362783A,battery,Percenatage,92,"2021-05-07 21:31:20.198000","2021-05-07 21:31:22.706463",,0
78,04CF8CDF3C867057,battery,Voltage,31,"2021-05-07 21:35:16.558000","2021-05-07 21:35:18.297444",,0
79,04CF8CDF3C866B41,battery,Voltage,31,"2021-05-07 21:40:24.438000","2021-05-07 21:40:26.667492",,0
80,00158D000362783A,flood,state,1,"2021-05-07 21:41:00.411000","2021-05-07 21:41:02.108748",,0
81,00158D000362783A,flood,state,0,"2021-05-07 21:41:00.838000","2021-05-07 21:41:02.122230",,0
82,00158D0003625602,motion,state,1,"2021-05-07 21:41:33.638000","2021-05-07 21:41:35.543756",,0
83,00158D0003625602,tamper,state,1,"2021-05-07 21:41:50.778000","2021-05-07 21:41:53.757770",,0
84,00158D0003625602,motion,state,1,"2021-05-07 21:41:50.958000","2021-05-07 21:41:53.784710",,0
85,00158D0003625602,tamper,state,1,"2021-05-07 21:41:51.048000","2021-05-07 21:41:53.785465",,0
86,00158D0003625602,motion,state,1,"2021-05-07 21:42:10.858000","2021-05-07 21:42:13.006793",,0
87,00158D0003625602,tamper,state,1,"2021-05-07 21:42:15.698000","2021-05-07 21:42:18.057974",,0
88,00158D0003625602,motion,state,1,"2021-05-07 21:42:16.528000","2021-05-07 21:42:18.069454",,0
89,000D6F000C389CF0,light,state,1,"2021-05-07 21:42:41.768000","2021-05-07 21:42:44.361650",,0
90,04CF8CDF3C8664E8,battery,Voltage,31,"2021-05-07 21:43:06.698000","2021-05-07 21:43:08.619455",,0
91,00158D0003625602,motion,state,0,"2021-05-07 21:43:23.388000","2021-05-07 21:43:24.799502",,0
92,000D6F000C389CF0,light,state,0,"2021-05-07 21:43:22.388000","2021-05-07 21:43:24.799837",,0
93,000D6F000C389CF0,light,state,1,"2021-05-07 21:43:34.798000","2021-05-07 21:43:36.951249",,0
94,04CF8CDF3C8664E8,contact,state,1,"2021-05-07 21:46:33.838000","2021-05-07 21:46:35.835156",,0
95,04CF8CDF3C8664E8,contact,state,0,"2021-05-07 21:46:35.738000","2021-05-07 21:46:37.876973",,0
96,04CF8CDF3C8664E8,contact,state,0,"2021-05-07 21:46:38.578000","2021-05-07 21:46:39.935340",,0
97,04CF8CDF3C8664E8,contact,state,1,"2021-05-07 21:46:37.988000","2021-05-07 21:46:39.938058",,0
98,04CF8CDF3C866A17,motion,state,1,"2021-05-07 21:47:32.228000","2021-05-07 21:47:34.538913",,0
99,000D6F000C389CF0,light,state,1,"2021-05-07 21:53:36.288000","2021-05-07 21:53:39.148653",,0
100,04CF8CDF3C8664E8,battery,Voltage,31,"2021-05-07 22:12:58.838000","2021-05-07 22:13:02.004178",,0
101,000D6F000C389CF0,light,state,1,"2021-05-07 22:13:41.058000","2021-05-07 22:13:43.460077",,0
102,000D6F000C389CF0,light,state,0,"2021-05-07 22:14:53.070000","2021-05-07 22:14:55.226435",,0
103,04CF8CDF3C86661A,battery,Voltage,31,"2021-05-07 22:21:43.018000","2021-05-07 22:21:44.761535",,0
104,00158D000362DBF1,battery,Percenatage,95,"2021-05-07 22:22:54.068000","2021-05-07 22:22:56.532882",,0
105,000D6F000C389CF0,light,state,0,"2021-05-07 22:24:55.298000","2021-05-07 22:24:57.815507",,0
106,04CF8CDF3C8664E8,battery,Voltage,29,"2021-05-07 22:27:59.808000","2021-05-07 22:28:01.752292",,0
107,00158D0003625602,battery,Percenatage,92,"2021-05-07 22:28:33.878000","2021-05-07 22:28:36.169392",,0
108,000D6F000C389CF0,light,state,0,"2021-05-07 22:29:56.298000","2021-05-07 22:29:58.120563",,0
109,00158D000362783A,battery,Percenatage,92,"2021-05-07 22:31:20.988000","2021-05-07 22:31:23.024123",,0
110,04CF8CDF3C866A17,battery,Voltage,31,"2021-05-07 22:33:01.578000","2021-05-07 22:33:04.134674",,0
111,04CF8CDF3C866A17,motion,state,0,"2021-05-07 22:33:01.678000","2021-05-07 22:33:04.137955",,0
112,000D6F000C389CF0,light,state,0,"2021-05-07 22:34:57.192000","2021-05-07 22:34:59.348687",,0
113,04CF8CDF3C86661A,battery,Voltage,30,"2021-05-07 22:36:43.548000","2021-05-07 22:36:45.468548",,0
114,000D6F000C389CF0,light,state,0,"2021-05-07 22:39:58.028000","2021-05-07 22:39:59.761092",,0
115,04CF8CDF3C866B41,battery,Voltage,31,"2021-05-07 22:40:21.098000","2021-05-07 22:40:23.008105",,0
116,000D6F000C389CF0,light,state,1,"2021-05-08 12:55:51.457000","2021-05-08 12:55:53.142106",,0
117,00158D0003625602,motion,state,0,"2021-05-08 12:57:27.997000","2021-05-08 12:57:30.288091",,0
118,000D6F000C389CF0,light,state,1,"2021-05-08 13:00:52.217000","2021-05-08 13:00:54.553151",,0
119,000D6F000C389CF0,light,state,1,"2021-05-08 13:05:53.757000","2021-05-08 13:05:56.061968",,0
120,000D6F000C389CF0,light,state,1,"2021-05-08 13:10:56.067000","2021-05-08 13:10:58.389212",,0
121,000D6F000C389CF0,light,state,1,"2021-05-08 13:15:58.828000","2021-05-08 13:16:00.801018",,0
122,000D6F000C389CF0,light,state,0,"2021-05-08 13:23:45.227000","2021-05-08 13:23:46.916055",,0
123,00158D0003625602,battery,Percenatage,96,"2021-05-08 13:26:47.200000","2021-05-08 13:26:49.020423",,0
124,000D6F000C389CF0,light,state,0,"2021-05-08 13:28:48.087000","2021-05-08 13:28:50.424135",,0
125,000D6F000C389CF0,light,state,0,"2021-05-08 13:33:50.147000","2021-05-08 13:33:51.880051",,0
126,000D6F000C389CF0,light,state,0,"2021-05-08 13:38:51.537000","2021-05-08 13:38:53.226259",,0
127,000D6F000C389CF0,light,state,0,"2021-05-08 13:43:53.087000","2021-05-08 13:43:54.582933",,0
128,000D6F000C389CF0,light,state,0,"2021-05-08 13:48:58.947000","2021-05-08 13:49:01.127227",,0
129,000D6F000C389CF0,light,state,0,"2021-05-08 13:53:55.557000","2021-05-08 13:53:57.953430",,0
130,00158D0003625602,battery,Percenatage,96,"2021-05-08 13:56:50.687000","2021-05-08 13:56:52.969359",,0
131,000D6F000C389CF0,light,state,0,"2021-05-08 13:58:56.497000","2021-05-08 13:58:58.430503",,0
132,00158D000362DF04,battery,Percenatage,100,"2021-05-08 14:00:14.529000","2021-05-08 14:00:16.351438",,0
133,000D6F000C389CF0,light,state,0,"2021-05-08 14:03:32.337000","2021-05-08 14:03:34.584143",,0
134,000D6F000C389CF0,light,state,0,"2021-05-08 14:08:32.437000","2021-05-08 14:08:33.920876",,0
135,000D6F000C389CF0,light,state,0,"2021-05-08 14:13:32.637000","2021-05-08 14:13:34.363080",,0
136,000D6F000C389CF0,light,state,0,"2021-05-08 14:18:32.847000","2021-05-08 14:18:34.737229",,0
137,000D6F000C389CF0,light,state,0,"2021-05-08 14:23:33.077000","2021-05-08 14:23:35.100471",,0
138,00158D0003625602,battery,Percenatage,96,"2021-05-08 14:26:54.961000","2021-05-08 14:26:57.415107",,0
139,000D6F000C389CF0,light,state,0,"2021-05-08 14:28:33.317000","2021-05-08 14:28:35.499523",,0
140,00158D000362DF04,battery,Percenatage,100,"2021-05-08 14:30:16.027000","2021-05-08 14:30:17.643227",,0
141,000D6F000C389CF0,light,state,0,"2021-05-08 14:33:33.577000","2021-05-08 14:33:36.014375",,0
142,000D6F000C389CF0,light,state,0,"2021-05-08 14:38:33.847000","2021-05-08 14:38:35.384131",,0
143,000D6F000C389CF0,light,state,0,"2021-05-08 14:43:34.137000","2021-05-08 14:43:36.055304",,0
144,000D6F000C389CF0,light,state,0,"2021-05-08 14:53:34.721000","2021-05-08 14:53:36.833816",,0
145,00158D0003625602,battery,Percenatage,98,"2021-05-08 14:56:58.919000","2021-05-08 14:57:01.032446",,0
146,000D6F000C389CF0,light,state,0,"2021-05-08 14:58:34.997000","2021-05-08 14:58:37.139427",,0
147,00158D000362DF04,battery,Percenatage,100,"2021-05-08 15:00:17.218000","2021-05-08 15:00:19.327243",,0
148,000D6F000C389CF0,light,state,0,"2021-05-08 15:03:35.317000","2021-05-08 15:03:37.518335",,0
149,000D6F000C389CF0,light,state,0,"2021-05-08 15:08:36.287000","2021-05-08 15:08:37.899455",,0
150,000D6F000C389CF0,light,state,0,"2021-05-08 15:13:35.867000","2021-05-08 15:13:37.362338",,0
151,000D6F000C389CF0,light,state,0,"2021-05-08 15:18:36.169000","2021-05-08 15:18:37.701422",,0
152,000D6F000C389CF0,light,state,0,"2021-05-08 15:23:36.447000","2021-05-08 15:23:38.078434",,0
153,00158D0003625602,battery,Percenatage,98,"2021-05-08 15:27:01.617000","2021-05-08 15:27:03.437649",,0
154,000D6F000C389CF0,light,state,0,"2021-05-08 15:28:36.740000","2021-05-08 15:28:38.562481",,0
155,00158D000362DF04,battery,Percenatage,100,"2021-05-08 15:30:18.437000","2021-05-08 15:30:20.625179",,0
156,000D6F000C389CF0,light,state,0,"2021-05-08 15:33:37.007000","2021-05-08 15:33:38.952050",,0
157,000D6F000C389CF0,light,state,0,"2021-05-08 15:38:37.277000","2021-05-08 15:38:39.353118",,0
158,000D6F000C389CF0,light,state,0,"2021-05-08 15:43:38.907000","2021-05-08 15:43:40.727882",,0
159,000D6F000C389CF0,light,state,0,"2021-05-08 15:53:39.087000","2021-05-08 15:53:41.545244",,0
160,00158D0003625602,battery,Percenatage,98,"2021-05-08 15:57:04.198000","2021-05-08 15:57:05.826473",,0
161,000D6F000C389CF0,light,state,0,"2021-05-08 15:58:38.427000","2021-05-08 15:58:40.913923",,0
162,00158D000362DF04,battery,Percenatage,100,"2021-05-08 16:00:19.777000","2021-05-08 16:00:22.121707",,0
163,000D6F000C389CF0,light,state,0,"2021-05-08 16:03:38.750000","2021-05-08 16:03:40.311329",,0
164,000D6F000C389CF0,light,state,0,"2021-05-08 16:08:39.037000","2021-05-08 16:08:40.954165",,0
165,000D6F000C389CF0,light,state,0,"2021-05-08 16:13:39.327000","2021-05-08 16:13:41.451765",,0
166,000D6F000C389CF0,light,state,0,"2021-05-08 16:18:39.657000","2021-05-08 16:18:41.775198",,0
167,000D6F000C389CF0,light,state,0,"2021-05-08 16:23:39.967000","2021-05-08 16:23:42.127765",,0
168,00158D0003625602,battery,Percenatage,98,"2021-05-08 16:27:07.057000","2021-05-08 16:27:09.514548",,0
169,000D6F000C389CF0,light,state,0,"2021-05-08 16:28:41.020000","2021-05-08 16:28:42.497856",,0
170,00158D000362DF04,battery,Percenatage,100,"2021-05-08 16:30:21.193000","2021-05-08 16:30:22.733754",,0
171,000D6F000C389CF0,light,state,0,"2021-05-08 16:33:40.637000","2021-05-08 16:33:42.969386",,0
172,000D6F000C389CF0,light,state,0,"2021-05-08 16:38:41.517000","2021-05-08 16:38:43.367230",,0
173,000D6F000C389CF0,light,state,0,"2021-05-08 16:43:41.267000","2021-05-08 16:43:42.966435",,0
174,000D6F000C389CF0,light,state,0,"2021-05-08 16:48:41.617000","2021-05-08 16:48:43.365776",,0
175,000D6F000C389CF0,light,state,0,"2021-05-08 16:53:41.997000","2021-05-08 16:53:43.712137",,0
176,00158D0003625602,battery,Percenatage,98,"2021-05-08 16:57:10.560000","2021-05-08 16:57:12.175796",,0
177,000D6F000C389CF0,light,state,0,"2021-05-08 16:58:42.717000","2021-05-08 16:58:44.248752",,0
178,00158D000362DF04,battery,Percenatage,100,"2021-05-08 17:00:22.457000","2021-05-08 17:00:24.343195",,0
179,000D6F000C389CF0,light,state,0,"2021-05-08 17:03:42.817000","2021-05-08 17:03:44.699354",,0
180,000D6F000C389CF0,light,state,0,"2021-05-08 17:08:43.257000","2021-05-08 17:08:45.059460",,0
181,000D6F000C389CF0,light,state,0,"2021-05-08 17:13:43.717000","2021-05-08 17:13:45.418910",,0
182,000D6F000C389CF0,light,state,0,"2021-05-08 17:18:44.168000","2021-05-08 17:18:45.857366",,0
183,000D6F000C389CF0,light,state,0,"2021-05-08 17:23:44.667000","2021-05-08 17:23:46.206398",,0
184,00158D0003625602,battery,Percenatage,98,"2021-05-08 17:27:13.387000","2021-05-08 17:27:15.531508",,0
185,000D6F000C389CF0,light,state,0,"2021-05-08 17:28:45.167000","2021-05-08 17:28:47.583870",,0
186,00158D000362DF04,battery,Percenatage,100,"2021-05-08 17:30:23.457000","2021-05-08 17:30:25.737816",,0
187,000D6F000C389CF0,light,state,0,"2021-05-08 17:33:45.737000","2021-05-08 17:33:48.002111",,0
188,000D6F000C389CF0,light,state,0,"2021-05-08 17:38:46.298000","2021-05-08 17:38:48.512732",,0
189,000D6F000C389CF0,light,state,0,"2021-05-08 17:43:46.777000","2021-05-08 17:43:47.897995",,0
190,000D6F000C389CF0,light,state,0,"2021-05-08 17:48:47.227000","2021-05-08 17:48:49.280159",,0
191,000D6F000C389CF0,light,state,0,"2021-05-08 17:53:48.467000","2021-05-08 17:53:50.904519",,0
192,00158D0003625602,battery,Percenatage,98,"2021-05-08 17:57:15.577000","2021-05-08 17:57:17.240069",,0
193,000D6F000C389CF0,light,state,0,"2021-05-08 17:58:48.057000","2021-05-08 17:58:49.382310",,0
194,00158D000362DF04,battery,Percenatage,100,"2021-05-08 18:00:27.120000","2021-05-08 18:00:29.460892",,0
195,000D6F000C389CF0,light,state,0,"2021-05-08 18:03:48.517000","2021-05-08 18:03:50.807217",,0
196,000D6F000C389CF0,light,state,0,"2021-05-08 18:08:48.847000","2021-05-08 18:08:51.172411",,0
197,000D6F000C389CF0,light,state,0,"2021-05-08 18:13:49.247000","2021-05-08 18:13:50.558104",,0
198,000D6F000C389CF0,light,state,0,"2021-05-08 18:18:49.667000","2021-05-08 18:18:52.140409",,0
199,000D6F000C389CF0,light,state,0,"2021-05-08 18:23:50.087000","2021-05-08 18:23:52.500886",,0
200,00158D0003625602,battery,Percenatage,98,"2021-05-08 18:27:18.297000","2021-05-08 18:27:20.857578",,0
201,000D6F000C389CF0,light,state,0,"2021-05-08 18:28:50.507000","2021-05-08 18:28:52.850009",,0
202,00158D000362DF04,battery,Percenatage,100,"2021-05-08 18:30:26.367000","2021-05-08 18:30:27.970829",,0
203,000D6F000C389CF0,light,state,0,"2021-05-08 18:33:52.807000","2021-05-08 18:33:54.622924",,0
204,000D6F000C389CF0,light,state,0,"2021-05-08 18:38:51.397000","2021-05-08 18:38:53.057021",,0
205,000D6F000C389CF0,light,state,0,"2021-05-08 18:43:51.830000","2021-05-08 18:43:53.422426",,0
206,000D6F000C389CF0,light,state,0,"2021-05-08 18:48:52.277000","2021-05-08 18:48:54.822031",,0
207,000D6F000C389CF0,light,state,0,"2021-05-08 18:53:53.147000","2021-05-08 18:53:55.454350",,0
208,00158D0003625602,battery,Percenatage,100,"2021-05-08 18:57:20.331000","2021-05-08 18:57:22.783108",,0
209,000D6F000C389CF0,light,state,0,"2021-05-08 18:58:53.187000","2021-05-08 18:58:54.876851",,0
210,00158D000362DF04,battery,Percenatage,100,"2021-05-08 19:00:29.499000","2021-05-08 19:00:31.957949",,0
211,000D6F000C389CF0,light,state,0,"2021-05-08 19:03:53.637000","2021-05-08 19:03:55.271249",,0
212,000D6F000C389CF0,light,state,0,"2021-05-08 19:08:54.117000","2021-05-08 19:08:56.659454",,0
213,000D6F000C389CF0,light,state,0,"2021-05-08 19:13:54.587000","2021-05-08 19:13:56.153031",,0
214,000D6F000C389CF0,light,state,0,"2021-05-08 19:18:55.087000","2021-05-08 19:18:57.535739",,0
215,000D6F000C389CF0,light,state,0,"2021-05-08 19:23:55.567000","2021-05-08 19:23:58.022428",,0
216,00158D0003625602,battery,Percenatage,100,"2021-05-08 19:27:23.407000","2021-05-08 19:27:25.429489",,0
217,000D6F000C389CF0,light,state,0,"2021-05-08 19:28:56.027000","2021-05-08 19:28:58.395899",,0
218,00158D000362DF04,battery,Percenatage,100,"2021-05-08 19:30:29.667000","2021-05-08 19:30:31.537491",,0
219,000D6F000C389CF0,light,state,0,"2021-05-08 19:33:56.437000","2021-05-08 19:33:58.963008",,0
220,000D6F000C389CF0,light,state,0,"2021-05-08 19:38:56.867000","2021-05-08 19:38:59.323104",,0
221,000D6F000C389CF0,light,state,0,"2021-05-08 19:43:57.157000","2021-05-08 19:43:59.724547",,0
222,00158D0003625602,motion,state,1,"2021-05-08 19:47:48.877000","2021-05-08 19:47:50.337126",,0
223,00158D0003625602,motion,state,0,"2021-05-08 19:48:54.737000","2021-05-08 19:48:57.050512",,0
224,000D6F000C389CF0,light,state,0,"2021-05-08 19:48:57.267000","2021-05-08 19:48:59.091966",,0
225,000D6F000C389CF0,light,state,0,"2021-05-08 19:53:57.287000","2021-05-08 19:53:59.510363",,0
226,00158D0003625602,battery,Percenatage,100,"2021-05-08 19:57:25.557000","2021-05-08 19:57:27.803121",,0
227,000D6F000C389CF0,light,state,0,"2021-05-08 19:58:57.319000","2021-05-08 19:58:59.899092",,0
228,00158D000362DF04,battery,Percenatage,100,"2021-05-08 20:00:31.857000","2021-05-08 20:00:33.982478",,0
229,000D6F000C389CF0,light,state,0,"2021-05-08 20:03:57.247000","2021-05-08 20:04:00.311817",,0
230,000D6F000C389CF0,light,state,0,"2021-05-08 20:13:56.847000","2021-05-08 20:13:59.264023",,0
231,000D6F000C389CF0,light,state,0,"2021-05-08 20:18:56.597000","2021-05-08 20:18:58.657764",,0
232,000D6F000C389CF0,light,state,0,"2021-05-08 20:23:56.247000","2021-05-08 20:23:58.027090",,0
233,00158D0003625602,battery,Percenatage,100,"2021-05-08 20:27:28.348000","2021-05-08 20:27:30.602905",,0
234,000D6F000C389CF0,light,state,0,"2021-05-08 20:28:55.857000","2021-05-08 20:28:57.522487",,0
235,00158D000362DF04,battery,Percenatage,100,"2021-05-08 20:30:34.997000","2021-05-08 20:30:36.673020",,0
236,000D6F000C389CF0,light,state,0,"2021-05-08 20:33:55.467000","2021-05-08 20:33:57.968991",,0
237,000D6F000C389CF0,light,state,0,"2021-05-08 20:38:54.987000","2021-05-08 20:38:57.447857",,0
238,000D6F000C389CF0,light,state,0,"2021-05-08 20:43:54.477000","2021-05-08 20:43:56.898138",,0
239,000D6F000C389CF0,light,state,0,"2021-05-08 20:48:53.967000","2021-05-08 20:48:56.278265",,0
240,000D6F000C389CF0,light,state,0,"2021-05-08 20:53:53.417000","2021-05-08 20:53:55.624569",,0
241,00158D0003625602,battery,Percenatage,100,"2021-05-08 20:57:30.967000","2021-05-08 20:57:33.303399",,0
242,000D6F000C389CF0,light,state,0,"2021-05-08 20:58:54.167000","2021-05-08 20:58:55.246242",,0
243,00158D000362DF04,battery,Percenatage,100,"2021-05-08 21:00:39.017000","2021-05-08 21:00:41.376118",,0
244,000D6F000C389CF0,light,state,0,"2021-05-08 21:03:52.157000","2021-05-08 21:03:54.681148",,0
245,000D6F000C389CF0,light,state,0,"2021-05-08 21:08:51.457000","2021-05-08 21:08:53.101935",,0
246,000D6F000C389CF0,light,state,0,"2021-05-08 21:13:50.787000","2021-05-08 21:13:53.535617",,0
247,000D6F000C389CF0,light,state,0,"2021-05-08 21:18:50.727000","2021-05-08 21:18:52.943943",,0
248,000D6F000C389CF0,light,state,0,"2021-05-08 21:23:49.447000","2021-05-08 21:23:51.466627",,0
249,000D6F000C389CF0,light,state,0,"2021-05-08 21:28:48.798000","2021-05-08 21:28:50.999635",,0
250,00158D000362DF04,battery,Percenatage,100,"2021-05-08 21:30:43.529000","2021-05-08 21:30:45.380051",,0
251,000D6F000C389CF0,light,state,0,"2021-05-08 21:33:48.207000","2021-05-08 21:33:50.389908",,0
252,000D6F000C389CF0,light,state,0,"2021-05-08 21:38:47.657000","2021-05-08 21:38:48.873308",,0
253,000D6F000C389CF0,light,state,0,"2021-05-08 21:43:47.177000","2021-05-08 21:43:49.342204",,0
254,000D6F000C389CF0,light,state,0,"2021-05-08 21:48:46.637000","2021-05-08 21:48:48.707466",,0
255,000D6F000C389CF0,light,state,0,"2021-05-08 21:53:46.167000","2021-05-08 21:53:48.088935",,0
256,00158D0003625602,battery,Percenatage,100,"2021-05-08 21:57:35.997000","2021-05-08 21:57:37.713171",,0
257,000D6F000C389CF0,light,state,0,"2021-05-08 21:58:45.627000","2021-05-08 21:58:47.548710",,0
